"symbol","name","industry","ret1y","sharpe","sortino","volatility","maxDD","beta","alpha","infoRatio","sortinoStatus","observationCount","benchmark","riskFreeRate","generatedAt","requestedStart","requestedEnd","windowCode","cacheKey"
"360.AX","LIFE360 INC","Information Technology","-0.4952872738330182","-0.6011177682438007","-0.9111087324189739","0.7234559397257867","-0.6769480466981159","1.8623786494992765","-0.2861111296274071","-0.45914485244306147","ok","249","^AXJO","0.0435","2026-08-19T00:20:53.734601+00:00","2025-08-19","2026-08-19","1Y","[""top-picks-snapshot"",""1Y"",""^AXJO"",0.0435,1000,""2025-08-19"",""2026-08-19""]"
"A","Agilent Technologies","Health Care","0.24578431160371927","0.8943251383372555","1.2400161974571888","0.3283434357838267","-0.29747440866262986","-0.2189281840129223","0.3141433103112317","0.9340299960142908","ok","243","^AXJO","0.0435","2026-08-19T00:20:53.734601+00:00","2025-08-19","2026-08-19","1Y","[""top-picks-snapshot"",""1Y"",""^AXJO"",0.0435,1000,""2025-08-19"",""2026-08-19""]"
"A2M.AX","A2 MILK CO LTD/THE","Consumer Staples","-0.13165878964905686","-0.30901980549728325","-0.39511741356905605","0.3821699792811825","-0.47447956528779167","0.8299460005613627","-0.17613102659270427","-0.47085709409755944","ok","249","^AXJO","0.0435","2026-08-19T00:20:53.734601+00:00","2025-08-19","2026-08-19","1Y","[""top-picks-snapshot"",""1Y"",""^AXJO"",0.0435,1000,""2025-08-19"",""2026-08-19""]"
"AAI.AX","ALCOA CORP","Materials","0.6014649689650913","1.3501702411110446","1.6503629722277127","0.49533687705331747","-0.47454001581863803","1.5965662827774783","0.7130649539012934","1.5179496490823838","ok","249","^AXJO","0.0435","2026-08-19T00:20:53.734601+00:00","2025-08-19","2026-08-19","1Y","[""top-picks-snapshot"",""1Y"",""^AXJO"",0.0435,1000,""2025-08-19"",""2026-08-19""]"
"AAPL","Apple Inc.","Information Technology","0.3496497030430368","1.2068385461348334","1.6920628920016383","0.25059505770877233","-0.13798523953754416","0.010347329234485912","0.3239293947613779","1.2628262885887327","ok","243","^AXJO","0.0435","2026-08-19T00:20:53.734601+00:00","2025-08-19","2026-08-19","1Y","[""top-picks-snapshot"",""1Y"",""^AXJO"",0.0435,1000,""2025-08-19"",""2026-08-19""]"
"ABBV","AbbVie","Health Care","0.2946915347565602","0.8548563145915239","1.4928640959689066","0.26302902866239464","-0.17315232572100103","-0.21466211235795085","0.18209656987014428","0.7078343848036599","ok","243","^AXJO","0.0435","2026-08-19T00:20:53.734601+00:00","2025-08-19","2026-08-19","1Y","[""top-picks-snapshot"",""1Y"",""^AXJO"",0.0435,1000,""2025-08-19"",""2026-08-19""]"
"ABNB","Airbnb","Consumer Discretionary","0.4543650793650793","1.2424746104762412","1.94553291609914","0.3438326716948603","-0.172128271428864","0.10649295065754985","0.4446935765300035","1.269355522904239","ok","243","^AXJO","0.0435","2026-08-19T00:20:53.734601+00:00","2025-08-19","2026-08-19","1Y","[""top-picks-snapshot"",""1Y"",""^AXJO"",0.0435,1000,""2025-08-19"",""2026-08-19""]"
"ABT","Abbott Laboratories","Health Care","-0.12164219421367872","-0.4216668846642791","-0.7396752665722615","0.26518359015238135","-0.38610676665387234","-0.28040835228065125","-0.14295424442500393","-0.35822672409189316","ok","243","^AXJO","0.0435","2026-08-19T00:20:53.734601+00:00","2025-08-19","2026-08-19","1Y","[""top-picks-snapshot"",""1Y"",""^AXJO"",0.0435,1000,""2025-08-19"",""2026-08-19""]"
"ACGL","Arch Capital Group","Financials","0.07698179013648176","0.23345315571200442","0.3480448809699936","0.21076191342490236","-0.14081192525647457","-0.18437417524634994","0.0380397462239014","0.25541571010062636","ok","243","^AXJO","0.0435","2026-08-19T00:20:53.734601+00:00","2025-08-19","2026-08-19","1Y","[""top-picks-snapshot"",""1Y"",""^AXJO"",0.0435,1000,""2025-08-19"",""2026-08-19""]"
"ACN","Accenture","Information Technology","-0.3102490443083894","-0.4855419630184312","-0.9591238197765128","0.43532141458448315","-0.5650679297666877","-0.23254102727268483","-0.17770018980507093","-0.3158409884321756","ok","243","^AXJO","0.0435","2026-08-19T00:20:53.734601+00:00","2025-08-19","2026-08-19","1Y","[""top-picks-snapshot"",""1Y"",""^AXJO"",0.0435,1000,""2025-08-19"",""2026-08-19""]"
"ADBE","Adobe Inc.","Information Technology","-0.2711408593796689","-0.5253589714718022","-0.9891176597940133","0.3917582838417206","-0.47365697447431176","-0.11697681910858798","-0.17191497871513606","-0.344969886561722","ok","243","^AXJO","0.0435","2026-08-19T00:20:53.734601+00:00","2025-08-19","2026-08-19","1Y","[""top-picks-snapshot"",""1Y"",""^AXJO"",0.0435,1000,""2025-08-19"",""2026-08-19""]"
"ADI","Analog Devices","Information Technology","0.6563347050662407","1.1843152402584254","2.259300019159469","0.3584310370235426","-0.20676576635885802","0.28339655798150526","0.45775405525555","1.2896353846127842","ok","243","^AXJO","0.0435","2026-08-19T00:20:53.734601+00:00","2025-08-19","2026-08-19","1Y","[""top-picks-snapshot"",""1Y"",""^AXJO"",0.0435,1000,""2025-08-19"",""2026-08-19""]"
"ADM","Archer Daniels Midland","Consumer Staples","0.418398783211793","1.1735640679196193","1.9491719667269474","0.269938289426317","-0.12786160111433642","-0.10700128135749003","0.3314515118355528","1.1607757169747497","ok","243","^AXJO","0.0435","2026-08-19T00:20:53.734601+00:00","2025-08-19","2026-08-19","1Y","[""top-picks-snapshot"",""1Y"",""^AXJO"",0.0435,1000,""2025-08-19"",""2026-08-19""]"
"ADP","Automatic Data Processing","Industrials","-0.09461569887491139","-0.07371946393989612","-0.5800666618359661","0.27076222318152604","-0.3768391661198509","-0.17424765529760944","-0.023055142557125687","0.016307858337860703","ok","243","^AXJO","0.0435","2026-08-19T00:20:53.734601+00:00","2025-08-19","2026-08-19","1Y","[""top-picks-snapshot"",""1Y"",""^AXJO"",0.0435,1000,""2025-08-19"",""2026-08-19""]"
"ADSK","Autodesk","Information Technology","-0.1467639274702104","-0.12593505626987922","-0.5250350800660032","0.3619435099142925","-0.4255638290272318","-0.08662815421649465","-0.032278823709513876","-0.016033986440003967","ok","243","^AXJO","0.0435","2026-08-19T00:20:53.734601+00:00","2025-08-19","2026-08-19","1Y","[""top-picks-snapshot"",""1Y"",""^AXJO"",0.0435,1000,""2025-08-19"",""2026-08-19""]"
"AEE","Ameren","Utilities","0.1073512421033429","0.5376040363762247","0.6080806309865072","0.17035062831225048","-0.09567274952688665","0.025045997261398317","0.0824587851075518","0.5018183853836804","ok","243","^AXJO","0.0435","2026-08-19T00:20:53.734601+00:00","2025-08-19","2026-08-19","1Y","[""top-picks-snapshot"",""1Y"",""^AXJO"",0.0435,1000,""2025-08-19"",""2026-08-19""]"
"AEP","American Electric Power","Utilities","0.15630789936563105","0.702339045157637","0.9707167614504025","0.18827384313494275","-0.10754035996408629","-0.09163512999948101","0.1177426552470219","0.6167163319840188","ok","243","^AXJO","0.0435","2026-08-19T00:20:53.734601+00:00","2025-08-19","2026-08-19","1Y","[""top-picks-snapshot"",""1Y"",""^AXJO"",0.0435,1000,""2025-08-19"",""2026-08-19""]"
"AES","AES Corporation","Utilities","0.16344134828432777","0.5698959512360952","0.7286276718373448","0.33785924222447555","-0.18981492737144623","-0.04561103335678175","0.13161048412373","0.4241387221809352","ok","243","^AXJO","0.0435","2026-08-19T00:20:53.734601+00:00","2025-08-19","2026-08-19","1Y","[""top-picks-snapshot"",""1Y"",""^AXJO"",0.0435,1000,""2025-08-19"",""2026-08-19""]"
"AFL","Aflac","Financials","0.16312846474124032","0.8471351154576497","1.0915176252865821","0.16701021193338716","-0.09113607195232842","-0.02797984530565692","0.1591933265302682","0.8701384519568741","ok","243","^AXJO","0.0435","2026-08-19T00:20:53.734601+00:00","2025-08-19","2026-08-19","1Y","[""top-picks-snapshot"",""1Y"",""^AXJO"",0.0435,1000,""2025-08-19"",""2026-08-19""]"
"AGL.AX","AGL ENERGY LTD","Utilities","0.09638256546931112","0.30411845078480815","0.5089431873772825","0.24486111370355876","-0.21473928786480756","0.21118044600389818","0.059302976190906895","0.33285134461830695","ok","250","^AXJO","0.0435","2026-08-19T00:20:53.734601+00:00","2025-08-19","2026-08-19","1Y","[""top-picks-snapshot"",""1Y"",""^AXJO"",0.0435,1000,""2025-08-19"",""2026-08-19""]"
"AIA.AX","AUCKLAND INTERNATIONAL AIRPORT","Industrials","0.05463784010398531","0.21911852525485442","0.19254190962772608","0.16315597654128008","-0.13775412502590811","0.5524623551745335","0.05616555411901006","0.4534575367707479","ok","249","^AXJO","0.0435","2026-08-19T00:20:53.734601+00:00","2025-08-19","2026-08-19","1Y","[""top-picks-snapshot"",""1Y"",""^AXJO"",0.0435,1000,""2025-08-19"",""2026-08-19""]"
"AIG","American International Group","Financials","-0.04124550433727492","-0.4761381132736904","-0.3212300650360848","0.24279546535475313","-0.1697655686950048","0.06698426140754843","-0.13209645002644288","-0.4043807306683168","ok","243","^AXJO","0.0435","2026-08-19T00:20:53.734601+00:00","2025-08-19","2026-08-19","1Y","[""top-picks-snapshot"",""1Y"",""^AXJO"",0.0435,1000,""2025-08-19"",""2026-08-19""]"
"AIZ","Assurant","Financials","0.3302154538682285","1.1313649564100392","1.7370551021062752","0.22256547289577389","-0.1257212951904555","-0.27080502210153634","0.26865006888909115","1.0874335057677116","ok","243","^AXJO","0.0435","2026-08-19T00:20:53.734601+00:00","2025-08-19","2026-08-19","1Y","[""top-picks-snapshot"",""1Y"",""^AXJO"",0.0435,1000,""2025-08-19"",""2026-08-19""]"
"AJG","Arthur J. Gallagher & Co.","Financials","-0.16553898068384032","-0.5104427537935289","-0.803814071507829","0.30025287665758604","-0.37806472959642246","-0.17615058998485492","-0.13301867658136646","-0.31363850014950534","ok","243","^AXJO","0.0435","2026-08-19T00:20:53.734601+00:00","2025-08-19","2026-08-19","1Y","[""top-picks-snapshot"",""1Y"",""^AXJO"",0.0435,1000,""2025-08-19"",""2026-08-19""]"
"AKAM","Akamai Technologies","Information Technology","0.5060792282072757","1.1667291014942553","1.4950142491582774","0.5829452093906863","-0.33343673781216765","-0.5316444381663928","0.8063411220706476","1.3748360081467776","ok","243","^AXJO","0.0435","2026-08-19T00:20:53.734601+00:00","2025-08-19","2026-08-19","1Y","[""top-picks-snapshot"",""1Y"",""^AXJO"",0.0435,1000,""2025-08-19"",""2026-08-19""]"
"ALB","Albemarle Corporation","Materials","0.6698545572711045","1.1010472923904193","1.6492262272420095","0.5881538173332571","-0.47384811462194953","0.022167600369618047","0.7320641621090137","1.2433324412010383","ok","243","^AXJO","0.0435","2026-08-19T00:20:53.734601+00:00","2025-08-19","2026-08-19","1Y","[""top-picks-snapshot"",""1Y"",""^AXJO"",0.0435,1000,""2025-08-19"",""2026-08-19""]"
"ALD.AX","AMPOL LTD","Energy","0.4221386438064021","1.2694188569399607","1.934202275796162","0.2685383324692203","-0.1539633745252984","-0.17950428676857108","0.3264600865688644","1.2063197405836572","ok","249","^AXJO","0.0435","2026-08-19T00:20:53.734601+00:00","2025-08-19","2026-08-19","1Y","[""top-picks-snapshot"",""1Y"",""^AXJO"",0.0435,1000,""2025-08-19"",""2026-08-19""]"
"ALGN","Align Technology","Health Care","0.1679070645633447","0.7364582147413552","0.7300933454343175","0.39953338849803355","-0.21441948267210753","-0.09219651965836743","0.2933848199409219","0.753215224209428","ok","243","^AXJO","0.0435","2026-08-19T00:20:53.734601+00:00","2025-08-19","2026-08-19","1Y","[""top-picks-snapshot"",""1Y"",""^AXJO"",0.0435,1000,""2025-08-19"",""2026-08-19""]"
"ALL","Allstate","Financials","0.26630994850922995","0.9050467077337274","1.293186913497024","0.24936763536461226","-0.1148381206513982","-0.27409035232455176","0.21408347527457872","0.8247743745567884","ok","243","^AXJO","0.0435","2026-08-19T00:20:53.734601+00:00","2025-08-19","2026-08-19","1Y","[""top-picks-snapshot"",""1Y"",""^AXJO"",0.0435,1000,""2025-08-19"",""2026-08-19""]"
"ALL.AX","ARISTOCRAT LEISURE LTD","Consumer Discretionary","-0.08995219423637246","-0.35431638100703106","-0.48832363627765907","0.2871267760201924","-0.38106715111821854","0.7522599415407434","-0.05822363308569606","-0.17909415443032187","ok","249","^AXJO","0.0435","2026-08-19T00:20:53.734601+00:00","2025-08-19","2026-08-19","1Y","[""top-picks-snapshot"",""1Y"",""^AXJO"",0.0435,1000,""2025-08-19"",""2026-08-19""]"
"ALLE","Allegion","Industrials","-0.051593213850556596","0.28095166728022863","-0.30752504935013025","0.2747768459978315","-0.29840559257011456","0.20013780565346642","0.09831741857198308","0.42028936524333466","ok","243","^AXJO","0.0435","2026-08-19T00:20:53.734601+00:00","2025-08-19","2026-08-19","1Y","[""top-picks-snapshot"",""1Y"",""^AXJO"",0.0435,1000,""2025-08-19"",""2026-08-19""]"
"ALQ.AX","ALS LTD","Industrials","0.2098328474534632","0.5700258932263087","0.9216613186242961","0.2914653320138109","-0.2596006294468226","1.567780008289741","0.24085634753643992","0.9533166943586475","ok","249","^AXJO","0.0435","2026-08-19T00:20:53.734601+00:00","2025-08-19","2026-08-19","1Y","[""top-picks-snapshot"",""1Y"",""^AXJO"",0.0435,1000,""2025-08-19"",""2026-08-19""]"
"ALX.AX","ATLAS ARTERIA LTD","Industrials","0.014712591026020405","-0.0043404741024684005","-0.08271549932298447","0.20216663723036918","-0.161644789293098","0.39176701762866184","0.007129266619093071","0.13808851386011234","ok","249","^AXJO","0.0435","2026-08-19T00:20:53.734601+00:00","2025-08-19","2026-08-19","1Y","[""top-picks-snapshot"",""1Y"",""^AXJO"",0.0435,1000,""2025-08-19"",""2026-08-19""]"
"AMAT","Applied Materials","Information Technology","2.1938293491557093","2.1734551373599666","3.49416309345738","0.590767122457933","-0.3963346995753372","0.11576446649101399","1.2176361746628948","2.0423891910351486","ok","243","^AXJO","0.0435","2026-08-19T00:20:53.734601+00:00","2025-08-19","2026-08-19","1Y","[""top-picks-snapshot"",""1Y"",""^AXJO"",0.0435,1000,""2025-08-19"",""2026-08-19""]"
"AMC.AX","AMCOR PLC","Materials","0.04602503291599391","0.00381865865299932","0.19531253985620467","0.2531801368503623","-0.27142655675565996","0.7774323615241997","0.03964509761760078","0.20250331364207827","ok","249","^AXJO","0.0435","2026-08-19T00:20:53.734601+00:00","2025-08-19","2026-08-19","1Y","[""top-picks-snapshot"",""1Y"",""^AXJO"",0.0435,1000,""2025-08-19"",""2026-08-19""]"
"AMCR","Amcor","Materials","0.1075217712500749","0.5040245367865391","0.5273010083455361","0.3092931705182003","-0.26509504234854664","0.5873038583989628","0.13972784002459113","0.48172507038752255","ok","243","^AXJO","0.0435","2026-08-19T00:20:53.734601+00:00","2025-08-19","2026-08-19","1Y","[""top-picks-snapshot"",""1Y"",""^AXJO"",0.0435,1000,""2025-08-19"",""2026-08-19""]"
"AMD","Advanced Micro Devices","Information Technology","1.9083758977651075","1.6025338301296883","3.060900588744444","0.716955545256214","-0.2776075108828485","0.05897882598989943","1.233132044543349","1.7022316352771394","ok","243","^AXJO","0.0435","2026-08-19T00:20:53.734601+00:00","2025-08-19","2026-08-19","1Y","[""top-picks-snapshot"",""1Y"",""^AXJO"",0.0435,1000,""2025-08-19"",""2026-08-19""]"
"AME","Ametek","Industrials","0.3583351670154118","1.0298028390414646","2.093812083912233","0.22902010249775667","-0.13567127486286246","0.14939516572631797","0.2544071305592709","1.0781302518443625","ok","243","^AXJO","0.0435","2026-08-19T00:20:53.734601+00:00","2025-08-19","2026-08-19","1Y","[""top-picks-snapshot"",""1Y"",""^AXJO"",0.0435,1000,""2025-08-19"",""2026-08-19""]"
"AMGN","Amgen","Health Care","0.4821960868234323","1.4523537428358064","2.491468365351638","0.2728958312760626","-0.1656790953158842","-0.02384231600917089","0.4339719008525258","1.4994650136566274","ok","243","^AXJO","0.0435","2026-08-19T00:20:53.734601+00:00","2025-08-19","2026-08-19","1Y","[""top-picks-snapshot"",""1Y"",""^AXJO"",0.0435,1000,""2025-08-19"",""2026-08-19""]"
"AMP","Ameriprise Financial","Financials","0.12508016087453","0.39867523868013693","0.5817234051586434","0.2542552800278014","-0.2086672576317995","0.013872439069045785","0.1261694082319806","0.5270001482985617","ok","243","^AXJO","0.0435","2026-08-19T00:20:53.734601+00:00","2025-08-19","2026-08-19","1Y","[""top-picks-snapshot"",""1Y"",""^AXJO"",0.0435,1000,""2025-08-19"",""2026-08-19""]"
"AMP.AX","AMP LTD","Financials","0.3635164081770197","0.8076725845004695","1.110715361920464","0.4310228016388311","-0.38332663687269797","0.7215419265970383","0.35572765626068475","0.8580997798151551","ok","249","^AXJO","0.0435","2026-08-19T00:20:53.734601+00:00","2025-08-19","2026-08-19","1Y","[""top-picks-snapshot"",""1Y"",""^AXJO"",0.0435,1000,""2025-08-19"",""2026-08-19""]"
"AMT","American Tower","Real Estate","-0.13386375506065884","-0.3701257122333026","-0.8043898081895039","0.26172270021452987","-0.20534146997497849","0.07226772184430445","-0.10695576370921225","-0.2939217455706356","ok","243","^AXJO","0.0435","2026-08-19T00:20:53.734601+00:00","2025-08-19","2026-08-19","1Y","[""top-picks-snapshot"",""1Y"",""^AXJO"",0.0435,1000,""2025-08-19"",""2026-08-19""]"
"AMZN","Amazon","Consumer Discretionary","0.13788877004359867","0.63550985195909","0.6840361372609414","0.3445193965472944","-0.2173622311569574","0.15957033714162566","0.20362893479596228","0.6165083943629545","ok","243","^AXJO","0.0435","2026-08-19T00:20:53.734601+00:00","2025-08-19","2026-08-19","1Y","[""top-picks-snapshot"",""1Y"",""^AXJO"",0.0435,1000,""2025-08-19"",""2026-08-19""]"
"ANET","Arista Networks","Information Technology","0.4548877425197113","0.6386035434643085","1.282200748769021","0.5428670533757461","-0.28328088546368435","0.2497111345255044","0.2599608753744887","0.5051622398163546","ok","243","^AXJO","0.0435","2026-08-19T00:20:53.734601+00:00","2025-08-19","2026-08-19","1Y","[""top-picks-snapshot"",""1Y"",""^AXJO"",0.0435,1000,""2025-08-19"",""2026-08-19""]"
"ANN.AX","ANSELL LTD","Healthcare","0.15095605812849255","0.3845308140314163","0.7828694794090331","0.24943871485337749","-0.3241723572205376","0.9197814812105879","0.11571787810656915","0.5322457182031639","ok","249","^AXJO","0.0435","2026-08-19T00:20:53.734601+00:00","2025-08-19","2026-08-19","1Y","[""top-picks-snapshot"",""1Y"",""^AXJO"",0.0435,1000,""2025-08-19"",""2026-08-19""]"
"ANZ.AX","ANZ GROUP HOLDINGS LTD","Financials","0.2020526048444824","0.602876641419675","1.1446426313670985","0.2166762208894919","-0.15356227846624892","0.8627886297150712","0.1683071142669339","0.9064976236390078","ok","249","^AXJO","0.0435","2026-08-19T00:20:53.734601+00:00","2025-08-19","2026-08-19","1Y","[""top-picks-snapshot"",""1Y"",""^AXJO"",0.0435,1000,""2025-08-19"",""2026-08-19""]"
"AON","Aon plc","Financials","-0.07501528826868531","-0.3048711318199147","-0.4890814041496453","0.25233717709392783","-0.17637098347343083","-0.2199298312385817","-0.05460127176046335","-0.0856217999642282","ok","243","^AXJO","0.0435","2026-08-19T00:20:53.734601+00:00","2025-08-19","2026-08-19","1Y","[""top-picks-snapshot"",""1Y"",""^AXJO"",0.0435,1000,""2025-08-19"",""2026-08-19""]"
"AOS","A. O. Smith","Industrials","-0.14560681197450864","-0.5079476103671642","-0.8890612381054809","0.2644469440334169","-0.3028814696298979","0.3381086451202826","-0.1310319116986567","-0.416862113758562","ok","243","^AXJO","0.0435","2026-08-19T00:20:53.734601+00:00","2025-08-19","2026-08-19","1Y","[""top-picks-snapshot"",""1Y"",""^AXJO"",0.0435,1000,""2025-08-19"",""2026-08-19""]"
"AOV.AX","AMOTIV LTD","Consumer Discretionary","-0.22762242845978597","-0.8173845361041199","-1.1125877003007074","0.2898871825914505","-0.3770872329693651","0.8378098859045148","-0.2289061532423402","-0.8204197898535114","ok","249","^AXJO","0.0435","2026-08-19T00:20:53.734601+00:00","2025-08-19","2026-08-19","1Y","[""top-picks-snapshot"",""1Y"",""^AXJO"",0.0435,1000,""2025-08-19"",""2026-08-19""]"
"APA","APA Corporation","Energy","1.16613503465978","1.8443032279454645","2.8279575972936715","0.4660252083740525","-0.27723993726310425","-0.3766675434917673","0.8410487900928268","1.742042642056021","ok","243","^AXJO","0.0435","2026-08-19T00:20:53.734601+00:00","2025-08-19","2026-08-19","1Y","[""top-picks-snapshot"",""1Y"",""^AXJO"",0.0435,1000,""2025-08-19"",""2026-08-19""]"
"APA.AX","APA GROUP","Utilities","0.2530373595387412","1.2071530743524441","1.838194492349783","0.15176088441379776","-0.06837308026664168","0.05576220505065296","0.18367677531173157","1.136824935214072","ok","249","^AXJO","0.0435","2026-08-19T00:20:53.734601+00:00","2025-08-19","2026-08-19","1Y","[""top-picks-snapshot"",""1Y"",""^AXJO"",0.0435,1000,""2025-08-19"",""2026-08-19""]"
"APD","Air Products","Materials","0.07267267468265648","0.42660942249534023","0.35847549959283037","0.26818529603827146","-0.22390707805542998","-0.07920451611946942","0.11193785324296177","0.4554245730639819","ok","243","^AXJO","0.0435","2026-08-19T00:20:53.734601+00:00","2025-08-19","2026-08-19","1Y","[""top-picks-snapshot"",""1Y"",""^AXJO"",0.0435,1000,""2025-08-19"",""2026-08-19""]"
"APE.AX","EAGERS AUTOMOTIVE LTD","Consumer Discretionary","0.08957476156231214","0.18792719554227585","0.5079639697380999","0.44480810254727254","-0.41200153583320354","1.4156791037364862","0.13760965163963762","0.29549413096358307","ok","249","^AXJO","0.0435","2026-08-19T00:20:53.734601+00:00","2025-08-19","2026-08-19","1Y","[""top-picks-snapshot"",""1Y"",""^AXJO"",0.0435,1000,""2025-08-19"",""2026-08-19""]"
"APH","Amphenol","Information Technology","0.4607899799583801","0.7741156972425948","1.3820627761663717","0.4496540208516626","-0.28189176907218316","0.21742481958774734","0.22370272161606797","0.5383784461796999","ok","243","^AXJO","0.0435","2026-08-19T00:20:53.734601+00:00","2025-08-19","2026-08-19","1Y","[""top-picks-snapshot"",""1Y"",""^AXJO"",0.0435,1000,""2025-08-19"",""2026-08-19""]"
"APO","Apollo Global Management","Financials","-0.01158002624069776","0.045746260498060985","0.04890196494981596","0.36946949306419197","-0.34047342299306926","-0.20857196264337166","0.045021585881292674","0.18403089566128708","ok","243","^AXJO","0.0435","2026-08-19T00:20:53.734601+00:00","2025-08-19","2026-08-19","1Y","[""top-picks-snapshot"",""1Y"",""^AXJO"",0.0435,1000,""2025-08-19"",""2026-08-19""]"
"APP","AppLovin","Communication Services","-0.25530779151627614","-0.19042877850081358","-0.09458062025724902","0.7459213253146358","-0.585932361130455","0.02263798577330918","-0.12436406935194831","-0.1316579355701974","ok","243","^AXJO","0.0435","2026-08-19T00:20:53.734601+00:00","2025-08-19","2026-08-19","1Y","[""top-picks-snapshot"",""1Y"",""^AXJO"",0.0435,1000,""2025-08-19"",""2026-08-19""]"
"APTV","Aptiv","Consumer Discretionary","-0.3617021425833046","-0.9170398077645641","-1.2079030287405998","0.4292057462905556","-0.47783917679975674","-0.29414455337243317","-0.35726233236262617","-0.7013837722995372","ok","243","^AXJO","0.0435","2026-08-19T00:20:53.734601+00:00","2025-08-19","2026-08-19","1Y","[""top-picks-snapshot"",""1Y"",""^AXJO"",0.0435,1000,""2025-08-19"",""2026-08-19""]"
"ARB.AX","ARB CORP LTD","Consumer Discretionary","-0.4881750926664665","-1.6835635695745717","-2.256263495961236","0.3697132677150445","-0.5725243057702567","1.1664312035657165","-0.60508095860345","-1.7802438760760937","ok","249","^AXJO","0.0435","2026-08-19T00:20:53.734601+00:00","2025-08-19","2026-08-19","1Y","[""top-picks-snapshot"",""1Y"",""^AXJO"",0.0435,1000,""2025-08-19"",""2026-08-19""]"
"ARE","Alexandria Real Estate Equities","Real Estate","-0.3786579980167407","-0.8352371125518944","-1.1194975536056055","0.4563920529054075","-0.516107600712767","-0.25174812464363444","-0.4170907384984537","-0.8003370574482412","ok","243","^AXJO","0.0435","2026-08-19T00:20:53.734601+00:00","2025-08-19","2026-08-19","1Y","[""top-picks-snapshot"",""1Y"",""^AXJO"",0.0435,1000,""2025-08-19"",""2026-08-19""]"
"ARES","Ares Management","Financials","-0.1943552555135465","-0.32010899909514956","-0.5015000643216652","0.4425555360551169","-0.4708733597708765","0.11675612415139906","-0.13011745757338264","-0.2360866700769571","ok","243","^AXJO","0.0435","2026-08-19T00:20:53.734601+00:00","2025-08-19","2026-08-19","1Y","[""top-picks-snapshot"",""1Y"",""^AXJO"",0.0435,1000,""2025-08-19"",""2026-08-19""]"
"ARF.AX","ARENA REIT","Real Estate","-0.37267291328246077","-1.5146240087726992","-1.5678484476468624","0.3147355456285425","-0.4196242164741818","0.5009604812616556","-0.4672110618855588","-1.4175738753351064","ok","249","^AXJO","0.0435","2026-08-19T00:20:53.734601+00:00","2025-08-19","2026-08-19","1Y","[""top-picks-snapshot"",""1Y"",""^AXJO"",0.0435,1000,""2025-08-19"",""2026-08-19""]"
"ASB.AX","AUSTAL LTD","Industrials","-0.36295179154689783","-0.3776208907229246","-0.5995996672409943","0.6539607260028544","-0.6130136967659773","1.7748353899964942","-0.1598217435278047","-0.29816595690965303","ok","249","^AXJO","0.0435","2026-08-19T00:20:53.734601+00:00","2025-08-19","2026-08-19","1Y","[""top-picks-snapshot"",""1Y"",""^AXJO"",0.0435,1000,""2025-08-19"",""2026-08-19""]"
"ASX.AX","ASX LTD","Financials","-0.05786024399829648","-0.15572304059586964","-0.2666972118015802","0.2952124572845015","-0.2783882670387683","0.5103041558341453","-0.03001251515814176","-0.04159040830103826","ok","249","^AXJO","0.0435","2026-08-19T00:20:53.734601+00:00","2025-08-19","2026-08-19","1Y","[""top-picks-snapshot"",""1Y"",""^AXJO"",0.0435,1000,""2025-08-19"",""2026-08-19""]"
"ATO","Atmos Energy","Utilities","0.05131660327775811","0.297672437830714","0.16900438348649288","0.15466881416008024","-0.12582367438818343","0.046305027389581546","0.03847589481910407","0.31339545429927607","ok","243","^AXJO","0.0435","2026-08-19T00:20:53.734601+00:00","2025-08-19","2026-08-19","1Y","[""top-picks-snapshot"",""1Y"",""^AXJO"",0.0435,1000,""2025-08-19"",""2026-08-19""]"
"AUB.AX","AUB GROUP LTD","Financials","-0.07336857317020273","-0.25601079777111896","-0.20626288723166714","0.3595333317837668","-0.41843083921882107","0.6787756758684569","-0.07270248297183071","-0.17246251459711426","ok","249","^AXJO","0.0435","2026-08-19T00:20:53.734601+00:00","2025-08-19","2026-08-19","1Y","[""top-picks-snapshot"",""1Y"",""^AXJO"",0.0435,1000,""2025-08-19"",""2026-08-19""]"
"AVB","AvalonBay Communities","Real Estate","-0.00041640491163885685","0.07068399437338165","-0.16042911765465326","0.20297503583535098","-0.16767323325458827","-0.04919053397826691","0.03193267079527745","0.23628968788240243","ok","242","^AXJO","0.0435","2026-08-19T00:20:53.734601+00:00","2025-08-19","2026-08-19","1Y","[""top-picks-snapshot"",""1Y"",""^AXJO"",0.0435,1000,""2025-08-19"",""2026-08-19""]"
"AVGO","Broadcom","Information Technology","0.2979698373451527","0.7296462526902465","1.031146581810899","0.4806436153670083","-0.28665993697753134","0.2555201299960325","0.2804409735361032","0.6096389685064003","ok","243","^AXJO","0.0435","2026-08-19T00:20:53.734601+00:00","2025-08-19","2026-08-19","1Y","[""top-picks-snapshot"",""1Y"",""^AXJO"",0.0435,1000,""2025-08-19"",""2026-08-19""]"
"AVY","Avery Dennison","Materials","0.03674181642346608","0.3756920822257972","0.1587451555667744","0.25198716061064247","-0.21623889103611493","0.20224589334330334","0.09108098793268934","0.4080059827354","ok","243","^AXJO","0.0435","2026-08-19T00:20:53.734601+00:00","2025-08-19","2026-08-19","1Y","[""top-picks-snapshot"",""1Y"",""^AXJO"",0.0435,1000,""2025-08-19"",""2026-08-19""]"
"AWK","American Water Works","Utilities","-0.035964458048716064","0.05878328259846488","-0.3602807634098149","0.2224091542446042","-0.1544981710454466","0.013667502770288935","0.008094003773510106","0.12448756795083529","ok","243","^AXJO","0.0435","2026-08-19T00:20:53.734601+00:00","2025-08-19","2026-08-19","1Y","[""top-picks-snapshot"",""1Y"",""^AXJO"",0.0435,1000,""2025-08-19"",""2026-08-19""]"
"AXON","Axon Enterprise","Industrials","-0.1825686827637515","-0.10691121419213954","-0.15846433808336977","0.6020328569310308","-0.55756491669041","0.5556921049800304","0.12414161961678136","0.22234289025561726","ok","243","^AXJO","0.0435","2026-08-19T00:20:53.734601+00:00","2025-08-19","2026-08-19","1Y","[""top-picks-snapshot"",""1Y"",""^AXJO"",0.0435,1000,""2025-08-19"",""2026-08-19""]"
"AXP","American Express","Financials","0.11774238794889058","0.4131296278482228","0.534037655039251","0.2697929864032419","-0.23895331000626852","0.0815503183630196","0.08962898639740227","0.37719024100574133","ok","243","^AXJO","0.0435","2026-08-19T00:20:53.734601+00:00","2025-08-19","2026-08-19","1Y","[""top-picks-snapshot"",""1Y"",""^AXJO"",0.0435,1000,""2025-08-19"",""2026-08-19""]"
"AZJ.AX","AURIZON HOLDINGS LTD","Industrials","0.17518642614077695","0.4751170518305123","0.9420488433222701","0.2045908879718851","-0.17123287223834538","0.49116352331679297","0.14280506517625657","0.7900554604223575","ok","249","^AXJO","0.0435","2026-08-19T00:20:53.734601+00:00","2025-08-19","2026-08-19","1Y","[""top-picks-snapshot"",""1Y"",""^AXJO"",0.0435,1000,""2025-08-19"",""2026-08-19""]"
"AZO","AutoZone","Consumer Discretionary","-0.25566748291287544","-0.3152733291061145","-1.311394596712385","0.2885227322708158","-0.3286317329098649","0.0935178607432776","-0.12230781576150695","-0.3475057241570004","ok","243","^AXJO","0.0435","2026-08-19T00:20:53.734601+00:00","2025-08-19","2026-08-19","1Y","[""top-picks-snapshot"",""1Y"",""^AXJO"",0.0435,1000,""2025-08-19"",""2026-08-19""]"
"BA","Boeing","Industrials","-0.008622233072916652","-0.1648765296298994","0.01724451130548182","0.3369630385917016","-0.24961328061128596","0.14839123491235662","-0.006721821520690965","0.03804293642085657","ok","243","^AXJO","0.0435","2026-08-19T00:20:53.734601+00:00","2025-08-19","2026-08-19","1Y","[""top-picks-snapshot"",""1Y"",""^AXJO"",0.0435,1000,""2025-08-19"",""2026-08-19""]"
"BAC","Bank of America","Financials","0.36499913256231364","1.223117593031878","1.9648044879224251","0.21189479341397874","-0.17931675908287092","0.14188661651107487","0.2448758493203637","1.1118135803337506","ok","243","^AXJO","0.0435","2026-08-19T00:20:53.734601+00:00","2025-08-19","2026-08-19","1Y","[""top-picks-snapshot"",""1Y"",""^AXJO"",0.0435,1000,""2025-08-19"",""2026-08-19""]"
"BALL","Ball Corporation","Materials","0.17747124698802508","0.8133813045405411","0.9281500300010581","0.25919434627494514","-0.21825536393245293","0.22672095303177678","0.19383452702706208","0.7616716528417039","ok","243","^AXJO","0.0435","2026-08-19T00:20:53.734601+00:00","2025-08-19","2026-08-19","1Y","[""top-picks-snapshot"",""1Y"",""^AXJO"",0.0435,1000,""2025-08-19"",""2026-08-19""]"
"BAP.AX","BAPCOR LTD","Consumer Discretionary","-0.8855048769404811","-2.5172640840963845","-2.83311375408243","0.7606534804773653","-0.9113941695883118","1.4720645890065929","-1.9447451023743116","-2.6509000878370057","ok","249","^AXJO","0.0435","2026-08-19T00:20:53.734601+00:00","2025-08-19","2026-08-19","1Y","[""top-picks-snapshot"",""1Y"",""^AXJO"",0.0435,1000,""2025-08-19"",""2026-08-19""]"
"BAX","Baxter International","Health Care","0.07530833605586018","0.3531757255767498","0.3915285113657319","0.4360479742639391","-0.3594115988590576","0.11704092454758726","0.13767239278960297","0.34817622689455535","ok","243","^AXJO","0.0435","2026-08-19T00:20:53.734601+00:00","2025-08-19","2026-08-19","1Y","[""top-picks-snapshot"",""1Y"",""^AXJO"",0.0435,1000,""2025-08-19"",""2026-08-19""]"
"BBY","Best Buy","Consumer Discretionary","0.2434269970223808","0.644690067122223","1.0644620611887745","0.376325174393512","-0.32012287973571174","-0.43369064223658144","0.22678348475623547","0.6247542414966394","ok","243","^AXJO","0.0435","2026-08-19T00:20:53.734601+00:00","2025-08-19","2026-08-19","1Y","[""top-picks-snapshot"",""1Y"",""^AXJO"",0.0435,1000,""2025-08-19"",""2026-08-19""]"
"BDX","Becton Dickinson","Health Care","0.18962386336501202","0.9559243421646836","1.0490757801066974","0.25598924945676677","-0.2307731898221771","0.19743053280913986","0.24751928908510068","0.9637602032906813","ok","243","^AXJO","0.0435","2026-08-19T00:20:53.734601+00:00","2025-08-19","2026-08-19","1Y","[""top-picks-snapshot"",""1Y"",""^AXJO"",0.0435,1000,""2025-08-19"",""2026-08-19""]"
"BEN","Franklin Resources","Financials","0.4424277430353005","1.2668674065045906","1.9138914184586455","0.2810619479225507","-0.19211645641949504","0.053144088989472434","0.3250344844273866","1.1348738036700008","ok","243","^AXJO","0.0435","2026-08-19T00:20:53.734601+00:00","2025-08-19","2026-08-19","1Y","[""top-picks-snapshot"",""1Y"",""^AXJO"",0.0435,1000,""2025-08-19"",""2026-08-19""]"
"BEN.AX","BENDIGO & ADELAIDE BANK LTD","Financials","-0.13782859931678548","-0.8327671807023823","-0.856774026555578","0.24247488889674867","-0.23751890558585975","0.807951376529423","-0.11970248338638843","-0.5204528870289099","ok","249","^AXJO","0.0435","2026-08-19T00:20:53.734601+00:00","2025-08-19","2026-08-19","1Y","[""top-picks-snapshot"",""1Y"",""^AXJO"",0.0435,1000,""2025-08-19"",""2026-08-19""]"
"BF-B","Brown–Forman","Consumer Staples","-0.08192302634256421","-0.05537377284809808","-0.1992498883170472","0.39005722020977895","-0.25484365751736293","0.4647930981584028","0.05458759580356294","0.16992678481293055","ok","243","^AXJO","0.0435","2026-08-19T00:20:53.734601+00:00","2025-08-19","2026-08-19","1Y","[""top-picks-snapshot"",""1Y"",""^AXJO"",0.0435,1000,""2025-08-19"",""2026-08-19""]"
"BG","Bunge Global","Consumer Staples","0.4593525645288219","1.287591783999139","1.9832094838548224","0.3174425473015513","-0.20181115237353642","0.015027226487622055","0.4186950816602285","1.279426989236849","ok","243","^AXJO","0.0435","2026-08-19T00:20:53.734601+00:00","2025-08-19","2026-08-19","1Y","[""top-picks-snapshot"",""1Y"",""^AXJO"",0.0435,1000,""2025-08-19"",""2026-08-19""]"
"BGA.AX","BEGA CHEESE LTD","Consumer Staples","0.17031129307606707","0.6761186397636169","0.8700907944316909","0.252102049485279","-0.20834317919863143","0.677597360586095","0.19814004113808137","0.863702279565865","ok","249","^AXJO","0.0435","2026-08-19T00:20:53.734601+00:00","2025-08-19","2026-08-19","1Y","[""top-picks-snapshot"",""1Y"",""^AXJO"",0.0435,1000,""2025-08-19"",""2026-08-19""]"
"BGL.AX","BELLEVUE GOLD LTD","Materials","0.7528735262066548","1.1830161884015782","1.7860368195426557","0.6143415230892446","-0.402010024363024","2.611833428154986","0.844250522583727","1.3922238636996187","ok","249","^AXJO","0.0435","2026-08-19T00:20:53.734601+00:00","2025-08-19","2026-08-19","1Y","[""top-picks-snapshot"",""1Y"",""^AXJO"",0.0435,1000,""2025-08-19"",""2026-08-19""]"
"BHP.AX","BHP GROUP LTD","Materials","0.5790410920263769","1.49076270462207","2.3701526021857533","0.2846550912922684","-0.18978341199246918","1.5222173227826719","0.4520364552001898","1.9552560913631958","ok","249","^AXJO","0.0435","2026-08-19T00:20:53.734601+00:00","2025-08-19","2026-08-19","1Y","[""top-picks-snapshot"",""1Y"",""^AXJO"",0.0435,1000,""2025-08-19"",""2026-08-19""]"
"BIIB","Biogen","Health Care","0.5306783963524835","1.2121745488698485","2.0484477118418383","0.35235192075727634","-0.1433541971759028","-0.1862121661586823","0.39089299805857747","1.0972822121444679","ok","243","^AXJO","0.0435","2026-08-19T00:20:53.734601+00:00","2025-08-19","2026-08-19","1Y","[""top-picks-snapshot"",""1Y"",""^AXJO"",0.0435,1000,""2025-08-19"",""2026-08-19""]"
"BKNG","Booking Holdings","Consumer Discretionary","-0.05977763615216447","0.06604472828565745","-0.16142022970277212","0.3619739875404138","-0.32246477897250647","0.29622545713145415","-0.020396399402253546","-0.009453672151992205","ok","243","^AXJO","0.0435","2026-08-19T00:20:53.734601+00:00","2025-08-19","2026-08-19","1Y","[""top-picks-snapshot"",""1Y"",""^AXJO"",0.0435,1000,""2025-08-19"",""2026-08-19""]"
"BKR","Baker Hughes","Energy","0.5238095925378743","1.3054175541304165","2.005811337067293","0.3269831490803591","-0.23989528221904033","-0.08381489568890998","0.3689801977731111","1.1059000316501437","ok","243","^AXJO","0.0435","2026-08-19T00:20:53.734601+00:00","2025-08-19","2026-08-19","1Y","[""top-picks-snapshot"",""1Y"",""^AXJO"",0.0435,1000,""2025-08-19"",""2026-08-19""]"
"BLDR","Builders FirstSource","Industrials","-0.5105319888957098","-1.0738096602840501","-1.8754176103686413","0.5046443763699624","-0.5576033833788732","0.368894657845047","-0.5222469807598011","-0.9884426499529586","ok","243","^AXJO","0.0435","2026-08-19T00:20:53.734601+00:00","2025-08-19","2026-08-19","1Y","[""top-picks-snapshot"",""1Y"",""^AXJO"",0.0435,1000,""2025-08-19"",""2026-08-19""]"
"BLK","BlackRock","Financials","0.044367450675621534","0.25012812513335453","0.19386289347184085","0.2699377860222515","-0.22454444755831027","0.22818825957795072","0.08430918177162045","0.3570599280899229","ok","243","^AXJO","0.0435","2026-08-19T00:20:53.734601+00:00","2025-08-19","2026-08-19","1Y","[""top-picks-snapshot"",""1Y"",""^AXJO"",0.0435,1000,""2025-08-19"",""2026-08-19""]"
"BMY","Bristol Myers Squibb","Health Care","0.4319467659483285","1.5609878885202875","2.124135911557891","0.27285195268380275","-0.125271880787016","-0.004296383240837275","0.46366895644486567","1.6268417996005864","ok","243","^AXJO","0.0435","2026-08-19T00:20:53.734601+00:00","2025-08-19","2026-08-19","1Y","[""top-picks-snapshot"",""1Y"",""^AXJO"",0.0435,1000,""2025-08-19"",""2026-08-19""]"
"BNY","BNY Mellon","Financials","0.6500420945718315","2.087065824061716","3.5082515342643323","0.2102449653895548","-0.10148103049074786","-0.005777378607106536","0.4269501789857608","1.8225034982069106","ok","243","^AXJO","0.0435","2026-08-19T00:20:53.734601+00:00","2025-08-19","2026-08-19","1Y","[""top-picks-snapshot"",""1Y"",""^AXJO"",0.0435,1000,""2025-08-19"",""2026-08-19""]"
"BOQ.AX","BANK OF QUEENSLAND LTD","Financials","-0.11006232719123177","-1.1449927024493556","-0.7721450211916376","0.22565072038831008","-0.20360441519941463","0.7243553793449227","-0.21523404236850632","-1.0357522225125022","ok","249","^AXJO","0.0435","2026-08-19T00:20:53.734601+00:00","2025-08-19","2026-08-19","1Y","[""top-picks-snapshot"",""1Y"",""^AXJO"",0.0435,1000,""2025-08-19"",""2026-08-19""]"
"BPT.AX","BEACH ENERGY LTD","Energy","-0.23276118211346952","-0.7057768860890746","-0.9857227943836824","0.3377758946778728","-0.3750000338662741","-0.2116156860720798","-0.282894315686968","-0.6487838958865675","ok","249","^AXJO","0.0435","2026-08-19T00:20:53.734601+00:00","2025-08-19","2026-08-19","1Y","[""top-picks-snapshot"",""1Y"",""^AXJO"",0.0435,1000,""2025-08-19"",""2026-08-19""]"
"BR","Broadridge Financial Solutions","Industrials","-0.34065793802130306","-1.2511149812036262","-1.957298547603744","0.281266719998243","-0.474265335198201","0.14133132747604601","-0.34622915592918146","-1.0742516680221768","ok","243","^AXJO","0.0435","2026-08-19T00:20:53.734601+00:00","2025-08-19","2026-08-19","1Y","[""top-picks-snapshot"",""1Y"",""^AXJO"",0.0435,1000,""2025-08-19"",""2026-08-19""]"
"BRG.AX","BREVILLE GROUP LTD","Consumer Discretionary","-0.07036448133430917","-0.3894866605088909","-0.32155198237707733","0.30721675407086596","-0.28969293947595687","1.0973153547375203","-0.050474393299695774","-0.19568544123586015","ok","249","^AXJO","0.0435","2026-08-19T00:20:53.734601+00:00","2025-08-19","2026-08-19","1Y","[""top-picks-snapshot"",""1Y"",""^AXJO"",0.0435,1000,""2025-08-19"",""2026-08-19""]"
"BRK-B","Berkshire Hathaway","Financials","0.03636849433408473","0.11904372077601488","0.030892370156507486","0.14650840803449322","-0.09421771450951344","-0.03753231352669221","0.0179197857460838","0.21808092080821495","ok","243","^AXJO","0.0435","2026-08-19T00:20:53.734601+00:00","2025-08-19","2026-08-19","1Y","[""top-picks-snapshot"",""1Y"",""^AXJO"",0.0435,1000,""2025-08-19"",""2026-08-19""]"
"BRO","Brown & Brown","Financials","-0.2770334858228046","-0.8449778393369219","-1.4259849114085157","0.30164941983565985","-0.43497490086760415","-0.09418494787653423","-0.21915718773033316","-0.5857808853519189","ok","243","^AXJO","0.0435","2026-08-19T00:20:53.734601+00:00","2025-08-19","2026-08-19","1Y","[""top-picks-snapshot"",""1Y"",""^AXJO"",0.0435,1000,""2025-08-19"",""2026-08-19""]"
"BSL.AX","BLUESCOPE STEEL LTD","Materials","0.46348948605025453","1.0355957413924377","2.2339572364471274","0.327866597804635","-0.151266458165623","0.7623923511972763","0.4131276644670825","1.3469569226249853","ok","249","^AXJO","0.0435","2026-08-19T00:20:53.734601+00:00","2025-08-19","2026-08-19","1Y","[""top-picks-snapshot"",""1Y"",""^AXJO"",0.0435,1000,""2025-08-19"",""2026-08-19""]"
"BSX","Boston Scientific","Health Care","-0.5135421569088856","-2.0725722383866056","-2.256325069622654","0.36442493180036206","-0.605788780204155","-0.12968445276072124","-0.7698932756535007","-1.8697926707822488","ok","243","^AXJO","0.0435","2026-08-19T00:20:53.734601+00:00","2025-08-19","2026-08-19","1Y","[""top-picks-snapshot"",""1Y"",""^AXJO"",0.0435,1000,""2025-08-19"",""2026-08-19""]"
"BWP.AX","BWP PROPERTY GROUP LTD","Real Estate","0.09371545988870666","0.25486089477304946","0.5470107459017062","0.13965003913838447","-0.093470954664029","0.4217865224458434","0.06978238271799622","0.616048825109759","ok","249","^AXJO","0.0435","2026-08-19T00:20:53.734601+00:00","2025-08-19","2026-08-19","1Y","[""top-picks-snapshot"",""1Y"",""^AXJO"",0.0435,1000,""2025-08-19"",""2026-08-19""]"
"BX","Blackstone Inc.","Financials","-0.1255123447257951","-0.17221608383564838","-0.4290526528621066","0.3647235109938016","-0.44761634554479746","0.09918283936782915","-0.08708448713214051","-0.17086070085708094","ok","243","^AXJO","0.0435","2026-08-19T00:20:53.734601+00:00","2025-08-19","2026-08-19","1Y","[""top-picks-snapshot"",""1Y"",""^AXJO"",0.0435,1000,""2025-08-19"",""2026-08-19""]"
"BXB.AX","BRAMBLES LTD","Industrials","-0.14387270632457205","-0.5151007864488586","-0.5620530646921205","0.32327726457092926","-0.3658587114302365","0.8520181588975312","-0.12564237804340436","-0.3913984025903387","ok","249","^AXJO","0.0435","2026-08-19T00:20:53.734601+00:00","2025-08-19","2026-08-19","1Y","[""top-picks-snapshot"",""1Y"",""^AXJO"",0.0435,1000,""2025-08-19"",""2026-08-19""]"
"BXP","BXP, Inc.","Real Estate","0.03392125536078927","0.24464564849040613","0.14088471870637564","0.2781880127833413","-0.33558751303216305","-0.11314318599051819","0.014554777287185579","0.1320765518650722","ok","243","^AXJO","0.0435","2026-08-19T00:20:53.734601+00:00","2025-08-19","2026-08-19","1Y","[""top-picks-snapshot"",""1Y"",""^AXJO"",0.0435,1000,""2025-08-19"",""2026-08-19""]"
"C","Citigroup","Financials","0.4994874981206603","1.3407208411961122","2.074932031852251","0.2904378330530604","-0.1476125394233303","0.14209085351385498","0.39443706171918325","1.3436293629678453","ok","243","^AXJO","0.0435","2026-08-19T00:20:53.734601+00:00","2025-08-19","2026-08-19","1Y","[""top-picks-snapshot"",""1Y"",""^AXJO"",0.0435,1000,""2025-08-19"",""2026-08-19""]"
"CAH","Cardinal Health","Health Care","0.5932343726010414","1.5758497203889046","2.8617370148749766","0.2975108734573539","-0.2041830873399776","-0.20790657508752824","0.43303628943011646","1.3696078948193833","ok","243","^AXJO","0.0435","2026-08-19T00:20:53.734601+00:00","2025-08-19","2026-08-19","1Y","[""top-picks-snapshot"",""1Y"",""^AXJO"",0.0435,1000,""2025-08-19"",""2026-08-19""]"
"CAR.AX","CARSALES.COM LTD","Communication Services","-0.2785516673086673","-1.0687168546821568","-1.2944351412410233","0.3540985918556689","-0.4535834465779631","0.9789895422814978","-0.32845749806742053","-0.9803795201756764","ok","249","^AXJO","0.0435","2026-08-19T00:20:53.734601+00:00","2025-08-19","2026-08-19","1Y","[""top-picks-snapshot"",""1Y"",""^AXJO"",0.0435,1000,""2025-08-19"",""2026-08-19""]"
"CARR","Carrier Global","Industrials","-0.06890628865489323","-0.18103602873408434","-0.1944763560727772","0.3608740218755788","-0.2538205999440176","0.1978059556642952","-0.1001762457799278","-0.2145678474533966","ok","243","^AXJO","0.0435","2026-08-19T00:20:53.734601+00:00","2025-08-19","2026-08-19","1Y","[""top-picks-snapshot"",""1Y"",""^AXJO"",0.0435,1000,""2025-08-19"",""2026-08-19""]"
"CASY","Casey's","Consumer Staples","0.6854803957587938","1.710738627744681","3.1371894281647057","0.33372810010215015","-0.16072308660405565","-0.04464536539393472","0.6337369754167166","1.8010852135455335","ok","243","^AXJO","0.0435","2026-08-19T00:20:53.734601+00:00","2025-08-19","2026-08-19","1Y","[""top-picks-snapshot"",""1Y"",""^AXJO"",0.0435,1000,""2025-08-19"",""2026-08-19""]"
"CAT","Caterpillar Inc.","Industrials","1.0390761352199398","1.8538373016480358","3.054223842527824","0.3978625962012801","-0.2636285260949516","0.12237307354790312","0.7886481144709222","1.9388719617876509","ok","243","^AXJO","0.0435","2026-08-19T00:20:53.734601+00:00","2025-08-19","2026-08-19","1Y","[""top-picks-snapshot"",""1Y"",""^AXJO"",0.0435,1000,""2025-08-19"",""2026-08-19""]"
"CB","Chubb Limited","Financials","0.26877224451696735","1.0992525341539097","1.7273197398347635","0.19420375270874865","-0.09355095591324358","-0.03391383758678412","0.21010660106721046","0.9977656865233034","ok","243","^AXJO","0.0435","2026-08-19T00:20:53.734601+00:00","2025-08-19","2026-08-19","1Y","[""top-picks-snapshot"",""1Y"",""^AXJO"",0.0435,1000,""2025-08-19"",""2026-08-19""]"
"CBA.AX","COMMONWEALTH BANK OF AUSTRALIA","Financials","-0.02163585646801347","-0.22812552947364217","-0.19367969025640133","0.24247110317473863","-0.1755614947551909","0.9690439773790878","-0.005985917289158781","-0.02296281466672358","ok","249","^AXJO","0.0435","2026-08-19T00:20:53.734601+00:00","2025-08-19","2026-08-19","1Y","[""top-picks-snapshot"",""1Y"",""^AXJO"",0.0435,1000,""2025-08-19"",""2026-08-19""]"
"CBOE","Cboe Global Markets","Financials","0.18766483477474116","0.5379959105850197","0.7750662591292004","0.32449827451868474","-0.36734324124149886","-0.14316792685923793","0.17208407074487725","0.5596319499410027","ok","243","^AXJO","0.0435","2026-08-19T00:20:53.734601+00:00","2025-08-19","2026-08-19","1Y","[""top-picks-snapshot"",""1Y"",""^AXJO"",0.0435,1000,""2025-08-19"",""2026-08-19""]"
"CBRE","CBRE Group","Real Estate","-0.07925986382307737","0.05513724421739066","-0.3213062506180023","0.3157225715252183","-0.2737020048578095","-0.11772920832825096","-0.027758327306588407","-0.002842430846814865","ok","243","^AXJO","0.0435","2026-08-19T00:20:53.734601+00:00","2025-08-19","2026-08-19","1Y","[""top-picks-snapshot"",""1Y"",""^AXJO"",0.0435,1000,""2025-08-19"",""2026-08-19""]"
"CCI","Crown Castle","Real Estate","-0.24242080003934963","-0.7933888542761129","-1.2190724749848707","0.29753863860571683","-0.25666198726260103","-0.03537568549145404","-0.22975416859418346","-0.6298915679863452","ok","243","^AXJO","0.0435","2026-08-19T00:20:53.734601+00:00","2025-08-19","2026-08-19","1Y","[""top-picks-snapshot"",""1Y"",""^AXJO"",0.0435,1000,""2025-08-19"",""2026-08-19""]"
"CCL","Carnival Corporation","Consumer Discretionary","-0.06296183131662159","0.05352165561942759","0.012158302118080047","0.47843381791741907","-0.2930106034024167","0.16773657728395053","0.0683411075578594","0.17732135635712803","ok","243","^AXJO","0.0435","2026-08-19T00:20:53.734601+00:00","2025-08-19","2026-08-19","1Y","[""top-picks-snapshot"",""1Y"",""^AXJO"",0.0435,1000,""2025-08-19"",""2026-08-19""]"
"CCP.AX","CREDIT CORP GROUP LTD","Financials","-0.14034106986427886","-0.4905393648544753","-0.5197676744169125","0.3314528343900327","-0.4138520173249912","0.8698451744162062","-0.13828442903265672","-0.4210740757273389","ok","249","^AXJO","0.0435","2026-08-19T00:20:53.734601+00:00","2025-08-19","2026-08-19","1Y","[""top-picks-snapshot"",""1Y"",""^AXJO"",0.0435,1000,""2025-08-19"",""2026-08-19""]"
"CDA.AX","CODAN LTD/AUSTRALIA","Information Technology","0.8063574902880777","1.3359366389023652","2.4686256740490213","0.46412291357969354","-0.2632010502817783","1.3558971920545024","0.7065423883295789","1.5844102460636695","ok","249","^AXJO","0.0435","2026-08-19T00:20:53.734601+00:00","2025-08-19","2026-08-19","1Y","[""top-picks-snapshot"",""1Y"",""^AXJO"",0.0435,1000,""2025-08-19"",""2026-08-19""]"
"CDNS","Cadence Design Systems","Information Technology","-0.08752310724683376","0.0017552551282315192","-0.20930452355562706","0.3951417822850076","-0.2884805765425039","0.07285262679770756","-0.018365425869479722","0.009276195372018218","ok","243","^AXJO","0.0435","2026-08-19T00:20:53.734601+00:00","2025-08-19","2026-08-19","1Y","[""top-picks-snapshot"",""1Y"",""^AXJO"",0.0435,1000,""2025-08-19"",""2026-08-19""]"
"CDW","CDW Corporation","Information Technology","-0.1790282001693475","-0.01685659365610173","-0.42746516425625003","0.4380995742099578","-0.4129772250935019","0.08100904976608732","-0.013090318439179835","0.0193794898467914","ok","243","^AXJO","0.0435","2026-08-19T00:20:53.734601+00:00","2025-08-19","2026-08-19","1Y","[""top-picks-snapshot"",""1Y"",""^AXJO"",0.0435,1000,""2025-08-19"",""2026-08-19""]"
"CEG","Constellation Energy","Utilities","-0.15548484245541982","-0.3992260585660333","-0.30063763837977714","0.47149739754582437","-0.4121623394956311","0.13789082304883968","-0.11474958551968027","-0.19219616246925447","ok","243","^AXJO","0.0435","2026-08-19T00:20:53.734601+00:00","2025-08-19","2026-08-19","1Y","[""top-picks-snapshot"",""1Y"",""^AXJO"",0.0435,1000,""2025-08-19"",""2026-08-19""]"
"CF","CF Industries","Materials","0.454734608187076","0.9462416468128944","1.5307924723020878","0.4200351198481647","-0.25445403215426887","-0.12467371454799482","0.41963667715195707","0.9890147626352273","ok","243","^AXJO","0.0435","2026-08-19T00:20:53.734601+00:00","2025-08-19","2026-08-19","1Y","[""top-picks-snapshot"",""1Y"",""^AXJO"",0.0435,1000,""2025-08-19"",""2026-08-19""]"
"CFG","Citizens Financial Group","Financials","0.5637506307509585","1.6977103312076374","2.502658436076942","0.2654533219644092","-0.18320606916885118","-0.09479764829855203","0.44289872983121453","1.5507771038357483","ok","243","^AXJO","0.0435","2026-08-19T00:20:53.734601+00:00","2025-08-19","2026-08-19","1Y","[""top-picks-snapshot"",""1Y"",""^AXJO"",0.0435,1000,""2025-08-19"",""2026-08-19""]"
"CGF.AX","CHALLENGER LTD","Financials","0.2626938532422467","0.8862034801632129","1.247768210537525","0.268674251269522","-0.21486290547835285","0.7524728765664558","0.20078909545236617","0.8492248663060527","ok","249","^AXJO","0.0435","2026-08-19T00:20:53.734601+00:00","2025-08-19","2026-08-19","1Y","[""top-picks-snapshot"",""1Y"",""^AXJO"",0.0435,1000,""2025-08-19"",""2026-08-19""]"
"CHC.AX","CHARTER HALL GROUP","Real Estate","0.019441775389410276","-0.19109091783819684","0.06940794147228749","0.27444062967128524","-0.27883403108246496","1.1267632344122678","0.01491911950369212","0.04386504309470186","ok","249","^AXJO","0.0435","2026-08-19T00:20:53.734601+00:00","2025-08-19","2026-08-19","1Y","[""top-picks-snapshot"",""1Y"",""^AXJO"",0.0435,1000,""2025-08-19"",""2026-08-19""]"
"CHD","Church & Dwight","Consumer Staples","0.06755069650358436","0.29972303463561245","0.3101635150563888","0.23074041136965806","-0.14613765316745397","-0.027991702605692153","0.06303016643760274","0.328360026332351","ok","243","^AXJO","0.0435","2026-08-19T00:20:53.734601+00:00","2025-08-19","2026-08-19","1Y","[""top-picks-snapshot"",""1Y"",""^AXJO"",0.0435,1000,""2025-08-19"",""2026-08-19""]"
"CHRW","C.H. Robinson","Industrials","0.18686522001387407","0.4636747740622998","0.7157296238619992","0.4413100798308859","-0.3091872818553091","-0.03982718302272488","0.16770126065362356","0.4081313689221116","ok","243","^AXJO","0.0435","2026-08-19T00:20:53.734601+00:00","2025-08-19","2026-08-19","1Y","[""top-picks-snapshot"",""1Y"",""^AXJO"",0.0435,1000,""2025-08-19"",""2026-08-19""]"
"CHTR","Charter Communications","Communication Services","-0.44440282881629156","-0.9076102950480992","-1.281244030140895","0.4918356762851467","-0.5638749316770615","0.2849463739232545","-0.4934454401868988","-0.9369353465775592","ok","243","^AXJO","0.0435","2026-08-19T00:20:53.734601+00:00","2025-08-19","2026-08-19","1Y","[""top-picks-snapshot"",""1Y"",""^AXJO"",0.0435,1000,""2025-08-19"",""2026-08-19""]"
"CI","Cigna","Health Care","-0.05772764194945601","-0.02484815736463173","-0.1933966667638221","0.32534315240200246","-0.21411566708351937","-0.05132643570700055","-0.027499467869472362","-0.0065296835513608854","ok","243","^AXJO","0.0435","2026-08-19T00:20:53.734601+00:00","2025-08-19","2026-08-19","1Y","[""top-picks-snapshot"",""1Y"",""^AXJO"",0.0435,1000,""2025-08-19"",""2026-08-19""]"
"CIA.AX","CHAMPION IRON LTD","Materials","-0.1982003166039088","-0.4620329580362945","-0.6346879919690769","0.3972255584674896","-0.49740432681704727","1.5026738592696418","-0.1028832027367356","-0.34010496079414015","ok","249","^AXJO","0.0435","2026-08-19T00:20:53.734601+00:00","2025-08-19","2026-08-19","1Y","[""top-picks-snapshot"",""1Y"",""^AXJO"",0.0435,1000,""2025-08-19"",""2026-08-19""]"
"CIEN","Ciena","Information Technology","3.5684355512093795","2.2495439954072878","3.746286503043609","0.738044654751392","-0.47309410667115226","0.47124431931992233","1.8769285984940791","2.542488390283783","ok","243","^AXJO","0.0435","2026-08-19T00:20:53.734601+00:00","2025-08-19","2026-08-19","1Y","[""top-picks-snapshot"",""1Y"",""^AXJO"",0.0435,1000,""2025-08-19"",""2026-08-19""]"
"CINF","Cincinnati Financial","Financials","0.149680857326409","0.6082803774472066","0.7967674438997656","0.20800866829869213","-0.10920169428738202","-0.06148301354323033","0.12752860137356353","0.6142195585310032","ok","243","^AXJO","0.0435","2026-08-19T00:20:53.734601+00:00","2025-08-19","2026-08-19","1Y","[""top-picks-snapshot"",""1Y"",""^AXJO"",0.0435,1000,""2025-08-19"",""2026-08-19""]"
"CIP.AX","CENTURIA INDUSTRIAL REIT","Real Estate","-0.05623493081732889","-0.6781529500523331","-0.7660172321228627","0.15529563895727588","-0.17400028196092066","0.4502486571411962","-0.07595074573595142","-0.3523348671178595","ok","250","^AXJO","0.0435","2026-08-19T00:20:53.734601+00:00","2025-08-19","2026-08-19","1Y","[""top-picks-snapshot"",""1Y"",""^AXJO"",0.0435,1000,""2025-08-19"",""2026-08-19""]"
"CKF.AX","COLLINS FOODS LTD","Consumer Discretionary","-0.10065283585647056","-0.5899012216746191","-0.5956707220540721","0.26885820423534196","-0.31976620750663465","0.6208490097582919","-0.1219005603174201","-0.41229670683188935","ok","249","^AXJO","0.0435","2026-08-19T00:20:53.734601+00:00","2025-08-19","2026-08-19","1Y","[""top-picks-snapshot"",""1Y"",""^AXJO"",0.0435,1000,""2025-08-19"",""2026-08-19""]"
"CL","Colgate-Palmolive","Consumer Staples","0.09198707233824699","0.448789309244839","0.46245002254503054","0.22598477481224283","-0.1696749359025579","0.051770292554769094","0.1469989168707404","0.6639797666269921","ok","243","^AXJO","0.0435","2026-08-19T00:20:53.734601+00:00","2025-08-19","2026-08-19","1Y","[""top-picks-snapshot"",""1Y"",""^AXJO"",0.0435,1000,""2025-08-19"",""2026-08-19""]"
"CLW.AX","CHARTER HALL LONG WALE REIT","Real Estate","-0.1502937493545753","-1.131415662487401","-1.4568853797080743","0.16833548777662996","-0.25054345737957595","0.6232608483909491","-0.1615458055060566","-0.9494123311248285","ok","249","^AXJO","0.0435","2026-08-19T00:20:53.734601+00:00","2025-08-19","2026-08-19","1Y","[""top-picks-snapshot"",""1Y"",""^AXJO"",0.0435,1000,""2025-08-19"",""2026-08-19""]"
"CLX","Clorox","Consumer Staples","-0.0855941848267453","-0.12214417371123422","-0.3891445306777557","0.30193127310524803","-0.3142058456369775","0.19739180707712495","-0.10689557532371464","-0.27835049448924415","ok","243","^AXJO","0.0435","2026-08-19T00:20:53.734601+00:00","2025-08-19","2026-08-19","1Y","[""top-picks-snapshot"",""1Y"",""^AXJO"",0.0435,1000,""2025-08-19"",""2026-08-19""]"
"CMCSA","Comcast","Communication Services","-0.1351528287364301","-0.45224222354319193","-0.6011752340378003","0.3079016110340377","-0.3079734842235152","-0.11165644531505503","-0.15117528846828693","-0.3623305053703998","ok","243","^AXJO","0.0435","2026-08-19T00:20:53.734601+00:00","2025-08-19","2026-08-19","1Y","[""top-picks-snapshot"",""1Y"",""^AXJO"",0.0435,1000,""2025-08-19"",""2026-08-19""]"
"CME","CME Group","Financials","0.03909615754496554","0.29120673311016604","0.13215600651340284","0.23377209240465086","-0.3108934459043866","-0.15633745723667722","0.020540138084152462","0.17460083298793724","ok","243","^AXJO","0.0435","2026-08-19T00:20:53.734601+00:00","2025-08-19","2026-08-19","1Y","[""top-picks-snapshot"",""1Y"",""^AXJO"",0.0435,1000,""2025-08-19"",""2026-08-19""]"
"CMG","Chipotle Mexican Grill","Consumer Discretionary","-0.22867050611903905","-0.31152488433576764","-0.6945321304534285","0.4124185526535514","-0.35426212879690877","-0.02611847609602435","-0.08112817715920656","-0.13073352037769193","ok","243","^AXJO","0.0435","2026-08-19T00:20:53.734601+00:00","2025-08-19","2026-08-19","1Y","[""top-picks-snapshot"",""1Y"",""^AXJO"",0.0435,1000,""2025-08-19"",""2026-08-19""]"
"CMI","Cummins","Industrials","0.5682149177405533","1.2210388214810137","1.943390084141817","0.36504193360593185","-0.1671133775444421","0.0891124406952493","0.45537283377247395","1.2365401246653944","ok","243","^AXJO","0.0435","2026-08-19T00:20:53.734601+00:00","2025-08-19","2026-08-19","1Y","[""top-picks-snapshot"",""1Y"",""^AXJO"",0.0435,1000,""2025-08-19"",""2026-08-19""]"
"CMM.AX","CAPRICORN METALS LTD","Materials","0.6650537498238944","1.1268057650549528","1.6669556154314387","0.5805378228326253","-0.4112333298585692","2.5308366330414103","0.7779419034424804","1.3700415473481282","ok","249","^AXJO","0.0435","2026-08-19T00:20:53.734601+00:00","2025-08-19","2026-08-19","1Y","[""top-picks-snapshot"",""1Y"",""^AXJO"",0.0435,1000,""2025-08-19"",""2026-08-19""]"
"CMS","CMS Energy","Utilities","0.003423542570412774","0.01712298591039285","-0.20340918647469813","0.17021144758048173","-0.12236642017749233","0.02836159642656508","-0.019486275781753243","0.018036057601899688","ok","243","^AXJO","0.0435","2026-08-19T00:20:53.734601+00:00","2025-08-19","2026-08-19","1Y","[""top-picks-snapshot"",""1Y"",""^AXJO"",0.0435,1000,""2025-08-19"",""2026-08-19""]"
"CNC","Centene Corporation","Health Care","1.2236618271515534","1.801083423831396","2.785710223484759","0.49342315675143184","-0.32726890355175187","-0.37070817281169305","0.885570282114629","1.7753542605633206","ok","243","^AXJO","0.0435","2026-08-19T00:20:53.734601+00:00","2025-08-19","2026-08-19","1Y","[""top-picks-snapshot"",""1Y"",""^AXJO"",0.0435,1000,""2025-08-19"",""2026-08-19""]"
"CNI.AX","CENTURIA CAPITAL GROUP","Real Estate","-0.2874740846331054","-1.0082233414172768","-1.2715489469265961","0.3490807141793431","-0.3822859754900825","0.7353636495711195","-0.3243945116171225","-0.9241851491178342","ok","249","^AXJO","0.0435","2026-08-19T00:20:53.734601+00:00","2025-08-19","2026-08-19","1Y","[""top-picks-snapshot"",""1Y"",""^AXJO"",0.0435,1000,""2025-08-19"",""2026-08-19""]"
"CNP","CenterPoint Energy","Utilities","0.0848617871090589","0.357524980940575","0.4307173204348144","0.16753375416114605","-0.11123450342789165","0.0451245419684032","0.042613564298132456","0.31704424435458967","ok","243","^AXJO","0.0435","2026-08-19T00:20:53.734601+00:00","2025-08-19","2026-08-19","1Y","[""top-picks-snapshot"",""1Y"",""^AXJO"",0.0435,1000,""2025-08-19"",""2026-08-19""]"
"CNU.AX","CHORUS LTD","Communication Services","-0.02123166125027065","-0.5076358493752482","-0.39815834909316294","0.17587636961969633","-0.12338684829777269","0.2727478369861747","-0.07559841693882724","-0.2570993767645252","ok","249","^AXJO","0.0435","2026-08-19T00:20:53.734601+00:00","2025-08-19","2026-08-19","1Y","[""top-picks-snapshot"",""1Y"",""^AXJO"",0.0435,1000,""2025-08-19"",""2026-08-19""]"
"COF","Capital One","Financials","0.04795602388552145","0.37939950088287056","0.2287388070684905","0.32094566063119945","-0.3146708289095538","0.18947748420259375","0.13276753140400183","0.4474547603068546","ok","243","^AXJO","0.0435","2026-08-19T00:20:53.734601+00:00","2025-08-19","2026-08-19","1Y","[""top-picks-snapshot"",""1Y"",""^AXJO"",0.0435,1000,""2025-08-19"",""2026-08-19""]"
"COH.AX","COCHLEAR LTD","Healthcare","-0.5167793593488381","-1.1952603496996508","-1.2164922141513983","0.528393284822384","-0.6977976710155798","1.2870063792639612","-0.6686876543554954","-1.3474068587079373","ok","249","^AXJO","0.0435","2026-08-19T00:20:53.734601+00:00","2025-08-19","2026-08-19","1Y","[""top-picks-snapshot"",""1Y"",""^AXJO"",0.0435,1000,""2025-08-19"",""2026-08-19""]"
"COHR","Coherent Corp.","Information Technology","2.4916816911661854","1.7022252883020517","2.877984145589111","0.841378139442545","-0.4798425930983051","0.5356580615115549","1.6318984039956175","1.9699819579585145","ok","243","^AXJO","0.0435","2026-08-19T00:20:53.734601+00:00","2025-08-19","2026-08-19","1Y","[""top-picks-snapshot"",""1Y"",""^AXJO"",0.0435,1000,""2025-08-19"",""2026-08-19""]"
"COIN","Coinbase","Financials","-0.5159069348762355","-0.7958203985041677","-1.1688677744882356","0.6788378195058771","-0.6356805320824648","-0.2492598531780869","-0.5296292505862787","-0.7054059915662996","ok","243","^AXJO","0.0435","2026-08-19T00:20:53.734601+00:00","2025-08-19","2026-08-19","1Y","[""top-picks-snapshot"",""1Y"",""^AXJO"",0.0435,1000,""2025-08-19"",""2026-08-19""]"
"COL.AX","COLES GROUP LTD","Consumer Staples","0.13666512392533336","0.4081395371476953","0.7339407895886925","0.21744052401002226","-0.14226116624932617","0.036323900432418565","0.10317353665432058","0.5569845359996191","ok","249","^AXJO","0.0435","2026-08-19T00:20:53.734601+00:00","2025-08-19","2026-08-19","1Y","[""top-picks-snapshot"",""1Y"",""^AXJO"",0.0435,1000,""2025-08-19"",""2026-08-19""]"
"COO","Cooper Companies (The)","Health Care","0.023507235504948598","0.43739975955719035","0.13106215988110162","0.3112701753571255","-0.3005218245291731","0.0068125834008694545","0.1338459803055813","0.46419347450376053","ok","243","^AXJO","0.0435","2026-08-19T00:20:53.734601+00:00","2025-08-19","2026-08-19","1Y","[""top-picks-snapshot"",""1Y"",""^AXJO"",0.0435,1000,""2025-08-19"",""2026-08-19""]"
"COP","ConocoPhillips","Energy","0.4271503770487002","1.421992776131839","1.7248367917194551","0.30596533804096016","-0.22281694890868553","-0.3211531897988267","0.39187745316493755","1.2190376851783398","ok","243","^AXJO","0.0435","2026-08-19T00:20:53.734601+00:00","2025-08-19","2026-08-19","1Y","[""top-picks-snapshot"",""1Y"",""^AXJO"",0.0435,1000,""2025-08-19"",""2026-08-19""]"
"COR","Cencora","Health Care","0.08085592031655175","0.32281864761318324","0.34009682567601","0.31673582063604266","-0.32442236527153856","-0.2905406239244826","0.07587375766024718","0.2957281037127656","ok","243","^AXJO","0.0435","2026-08-19T00:20:53.734601+00:00","2025-08-19","2026-08-19","1Y","[""top-picks-snapshot"",""1Y"",""^AXJO"",0.0435,1000,""2025-08-19"",""2026-08-19""]"
"COST","Costco","Consumer Staples","-0.014162146687240362","-0.03186724773657474","-0.2664374542992637","0.19770720932742097","-0.16571935745274613","-0.1147202509694321","0.008141616073834207","0.1424909985497857","ok","243","^AXJO","0.0435","2026-08-19T00:20:53.734601+00:00","2025-08-19","2026-08-19","1Y","[""top-picks-snapshot"",""1Y"",""^AXJO"",0.0435,1000,""2025-08-19"",""2026-08-19""]"
"CPAY","Corpay","Financials","0.2686167413491496","0.8028125630822802","1.1095518993455982","0.37463546588555685","-0.2300492221376329","-0.21951838041314728","0.2854784324955992","0.7700540954494738","ok","243","^AXJO","0.0435","2026-08-19T00:20:53.734601+00:00","2025-08-19","2026-08-19","1Y","[""top-picks-snapshot"",""1Y"",""^AXJO"",0.0435,1000,""2025-08-19"",""2026-08-19""]"
"CPRT","Copart","Industrials","-0.3409328733781454","-1.2242817281994696","-1.917855965835634","0.28857740739126136","-0.45627377601429564","-0.06721867694184021","-0.34929428680994","-1.0065920044969796","ok","243","^AXJO","0.0435","2026-08-19T00:20:53.734601+00:00","2025-08-19","2026-08-19","1Y","[""top-picks-snapshot"",""1Y"",""^AXJO"",0.0435,1000,""2025-08-19"",""2026-08-19""]"
"CPT","Camden Property Trust","Real Estate","0.031125439504499086","0.3027611935445488","0.050349633705724435","0.19904652106738233","-0.12938854072096972","-0.04148564920879443","0.02069368395770578","0.19134927324995854","ok","243","^AXJO","0.0435","2026-08-19T00:20:53.734601+00:00","2025-08-19","2026-08-19","1Y","[""top-picks-snapshot"",""1Y"",""^AXJO"",0.0435,1000,""2025-08-19"",""2026-08-19""]"
"CPU.AX","COMPUTERSHARE LTD","Industrials","0.05991051700268635","-0.03271323473962853","0.25180188907428136","0.24176150028811313","-0.2865793798029158","0.6412611603518518","0.01869391061417173","0.136110826486686","ok","249","^AXJO","0.0435","2026-08-19T00:20:53.734601+00:00","2025-08-19","2026-08-19","1Y","[""top-picks-snapshot"",""1Y"",""^AXJO"",0.0435,1000,""2025-08-19"",""2026-08-19""]"
"CQE.AX","CHARTER HALL SOCIAL INFRASTRUC","Real Estate","-0.21226756884707765","-1.0664652469689495","-1.522939827427279","0.2338226627799543","-0.2565792699876849","0.6829384287988634","-0.22228186939192512","-0.9455849347444658","ok","249","^AXJO","0.0435","2026-08-19T00:20:53.734601+00:00","2025-08-19","2026-08-19","1Y","[""top-picks-snapshot"",""1Y"",""^AXJO"",0.0435,1000,""2025-08-19"",""2026-08-19""]"
"CQR.AX","CHARTER HALL RETAIL REIT","Real Estate","0.056460157305549874","0.23317613603025786","0.2160725750165738","0.18808939386825319","-0.11120411912107842","0.6107810968750262","0.07765157181492174","0.5119461132204042","ok","250","^AXJO","0.0435","2026-08-19T00:20:53.734601+00:00","2025-08-19","2026-08-19","1Y","[""top-picks-snapshot"",""1Y"",""^AXJO"",0.0435,1000,""2025-08-19"",""2026-08-19""]"
"CRH","CRH plc","Materials","-0.16137302628757666","-0.40993028601867243","-0.7789651489549794","0.31635562746096074","-0.28227108945961565","0.21271143334221015","-0.1028010725798526","-0.2523405786325702","ok","243","^AXJO","0.0435","2026-08-19T00:20:53.734601+00:00","2025-08-19","2026-08-19","1Y","[""top-picks-snapshot"",""1Y"",""^AXJO"",0.0435,1000,""2025-08-19"",""2026-08-19""]"
"CRL","Charles River Laboratories","Health Care","0.7616734601721813","1.580993509973346","2.155687583316258","0.45997573789086","-0.33884557105867275","0.1272839538281031","0.7721540069831745","1.6465743606810934","ok","243","^AXJO","0.0435","2026-08-19T00:20:53.734601+00:00","2025-08-19","2026-08-19","1Y","[""top-picks-snapshot"",""1Y"",""^AXJO"",0.0435,1000,""2025-08-19"",""2026-08-19""]"
"CRM","Salesforce","Information Technology","-0.19593459476463615","-0.2315065887596492","-0.5961588447978693","0.41476690544348843","-0.4332574586167498","0.05179402384855985","-0.04803687719305704","-0.057763464103604605","ok","243","^AXJO","0.0435","2026-08-19T00:20:53.734601+00:00","2025-08-19","2026-08-19","1Y","[""top-picks-snapshot"",""1Y"",""^AXJO"",0.0435,1000,""2025-08-19"",""2026-08-19""]"
"CRWD","CrowdStrike","Information Technology","1.034591448298186","1.7655845626832924","2.5843583043830516","0.48315541185671856","-0.3717827173511796","-0.1322386356676588","0.8167386821890221","1.6610294713555394","ok","243","^AXJO","0.0435","2026-08-19T00:20:53.734601+00:00","2025-08-19","2026-08-19","1Y","[""top-picks-snapshot"",""1Y"",""^AXJO"",0.0435,1000,""2025-08-19"",""2026-08-19""]"
"CSC.AX","CAPSTONE COPPER CORP","Materials","0.48778112884466873","0.8030609577434696","1.3514291878465414","0.5623985521284923","-0.4526795963293654","2.531862892509813","0.563539130166372","1.0170221966090678","ok","249","^AXJO","0.0435","2026-08-19T00:20:53.734601+00:00","2025-08-19","2026-08-19","1Y","[""top-picks-snapshot"",""1Y"",""^AXJO"",0.0435,1000,""2025-08-19"",""2026-08-19""]"
"CSCO","Cisco","Information Technology","0.7064265879250948","1.7271482722240155","2.4064241862689233","0.33862860075963","-0.15330586608485208","-0.03031855633729258","0.5567996470118047","1.5920457656304308","ok","243","^AXJO","0.0435","2026-08-19T00:20:53.734601+00:00","2025-08-19","2026-08-19","1Y","[""top-picks-snapshot"",""1Y"",""^AXJO"",0.0435,1000,""2025-08-19"",""2026-08-19""]"
"CSGP","CoStar Group","Real Estate","-0.6472175352740501","-2.0828738447158344","-2.7977164221624955","0.43065377519077513","-0.7024775375305652","-0.02533707202842104","-0.9436141506605061","-2.0281669129184112","ok","243","^AXJO","0.0435","2026-08-19T00:20:53.734601+00:00","2025-08-19","2026-08-19","1Y","[""top-picks-snapshot"",""1Y"",""^AXJO"",0.0435,1000,""2025-08-19"",""2026-08-19""]"
"CSL.AX","CSL LTD","Healthcare","-0.2828748759942302","-0.8497750620213469","-0.9571270148557872","0.4072322325695019","-0.581794006598271","0.7903137693276797","-0.4959877276519556","-1.3616590025625779","ok","249","^AXJO","0.0435","2026-08-19T00:20:53.734601+00:00","2025-08-19","2026-08-19","1Y","[""top-picks-snapshot"",""1Y"",""^AXJO"",0.0435,1000,""2025-08-19"",""2026-08-19""]"
"CSX","CSX Corporation","Industrials","0.39511668931637023","1.3651230374401389","2.1859280567292703","0.23001506647258635","-0.1188916111846916","0.0756519784793643","0.2971850257777099","1.2273635908925882","ok","243","^AXJO","0.0435","2026-08-19T00:20:53.734601+00:00","2025-08-19","2026-08-19","1Y","[""top-picks-snapshot"",""1Y"",""^AXJO"",0.0435,1000,""2025-08-19"",""2026-08-19""]"
"CTAS","Cintas","Industrials","-0.06918896778047678","-0.16189497439277153","-0.5455698293120145","0.23171877340780092","-0.24182319951666253","0.001774596237735703","-0.012005274084753742","0.045519914372171975","ok","243","^AXJO","0.0435","2026-08-19T00:20:53.734601+00:00","2025-08-19","2026-08-19","1Y","[""top-picks-snapshot"",""1Y"",""^AXJO"",0.0435,1000,""2025-08-19"",""2026-08-19""]"
"CTD.AX","CORPORATE TRAVEL MANAGEMENT LT","Consumer Discretionary","-0.01471488528367626","-4.875041414699995","-4.685348951438552","0.011890678303309594","-0.01471488528367626","-0.0035629541600942193","-0.05861892422036837","-0.18127323034790782","ok","249","^AXJO","0.0435","2026-08-19T00:20:53.734601+00:00","2025-08-19","2026-08-19","1Y","[""top-picks-snapshot"",""1Y"",""^AXJO"",0.0435,1000,""2025-08-19"",""2026-08-19""]"
"CTSH","Cognizant","Information Technology","-0.17105039060567417","-0.0717809128465234","-0.5396146203919162","0.3974412955750655","-0.547848086631435","-0.19872773035727972","-0.032372188377509215","-0.008520789536532255","ok","243","^AXJO","0.0435","2026-08-19T00:20:53.734601+00:00","2025-08-19","2026-08-19","1Y","[""top-picks-snapshot"",""1Y"",""^AXJO"",0.0435,1000,""2025-08-19"",""2026-08-19""]"
"CTVA","Corteva","Materials","0.08654172209684119","0.2515327661255287","0.3572877478798008","0.2703475377878014","-0.18501453304818238","-0.03749877584631133","0.05058763504208727","0.2477547644024859","ok","243","^AXJO","0.0435","2026-08-19T00:20:53.734601+00:00","2025-08-19","2026-08-19","1Y","[""top-picks-snapshot"",""1Y"",""^AXJO"",0.0435,1000,""2025-08-19"",""2026-08-19""]"
"CVNA","Carvana","Consumer Discretionary","-0.05589123281189312","-0.033197234143546465","0.19941367925522316","0.615885442517454","-0.41210158759013515","0.3604006541783571","0.005094238113805008","0.032410353398776216","ok","243","^AXJO","0.0435","2026-08-19T00:20:53.734601+00:00","2025-08-19","2026-08-19","1Y","[""top-picks-snapshot"",""1Y"",""^AXJO"",0.0435,1000,""2025-08-19"",""2026-08-19""]"
"CVS","CVS Health","Health Care","0.379772189769469","1.0576457966031954","1.4551762786768896","0.31032689273311903","-0.16442113250487456","-0.17852498566356295","0.37444811273003836","1.3152403569724946","ok","243","^AXJO","0.0435","2026-08-19T00:20:53.734601+00:00","2025-08-19","2026-08-19","1Y","[""top-picks-snapshot"",""1Y"",""^AXJO"",0.0435,1000,""2025-08-19"",""2026-08-19""]"
"CVX","Chevron Corporation","Energy","0.39471720760658724","1.529191703116825","1.9709734121626805","0.23558592952988663","-0.20810989698907523","-0.3482614221316039","0.321254097335786","1.227213552287644","ok","243","^AXJO","0.0435","2026-08-19T00:20:53.734601+00:00","2025-08-19","2026-08-19","1Y","[""top-picks-snapshot"",""1Y"",""^AXJO"",0.0435,1000,""2025-08-19"",""2026-08-19""]"
"CWY.AX","CLEANAWAY WASTE MANAGEMENT LTD","Industrials","-0.04613206930245961","-0.2131035628759841","-0.3218002860639498","0.27422377264591585","-0.25760385350903303","0.6970728344370541","-0.026238110873069806","-0.05754378924874726","ok","250","^AXJO","0.0435","2026-08-19T00:20:53.734601+00:00","2025-08-19","2026-08-19","1Y","[""top-picks-snapshot"",""1Y"",""^AXJO"",0.0435,1000,""2025-08-19"",""2026-08-19""]"
"D","Dominion Energy","Utilities","0.16868106041023956","0.8820898414934204","1.016953335488257","0.20434223849504177","-0.09768738551884448","-0.007418327992009348","0.17232610753935007","0.8107475312921631","ok","243","^AXJO","0.0435","2026-08-19T00:20:53.734601+00:00","2025-08-19","2026-08-19","1Y","[""top-picks-snapshot"",""1Y"",""^AXJO"",0.0435,1000,""2025-08-19"",""2026-08-19""]"
"DAL","Delta Air Lines","Industrials","0.432025824952609","0.9761563535936446","1.6304648594809301","0.3939798595060553","-0.22896577341848945","-0.0825008596640599","0.46622746484249594","1.177019185159317","ok","243","^AXJO","0.0435","2026-08-19T00:20:53.734601+00:00","2025-08-19","2026-08-19","1Y","[""top-picks-snapshot"",""1Y"",""^AXJO"",0.0435,1000,""2025-08-19"",""2026-08-19""]"
"DASH","DoorDash","Consumer Discretionary","-0.1289205203654491","-0.05630463414607592","-0.20731125329147856","0.46953785884422566","-0.47966206010882084","0.13330734624190851","-0.026361049174648418","-0.011389490058115858","ok","243","^AXJO","0.0435","2026-08-19T00:20:53.734601+00:00","2025-08-19","2026-08-19","1Y","[""top-picks-snapshot"",""1Y"",""^AXJO"",0.0435,1000,""2025-08-19"",""2026-08-19""]"
"DBI.AX","DALRYMPLE BAY INFRASTRUCTURE L","Unknown","0.16219876774220898","0.44216428817354486","0.8399817487443242","0.24212212621150023","-0.14477310254186115","0.17283440497246155","0.11460746572299488","0.5495854957138466","ok","250","^AXJO","0.0435","2026-08-19T00:20:53.734601+00:00","2025-08-19","2026-08-19","1Y","[""top-picks-snapshot"",""1Y"",""^AXJO"",0.0435,1000,""2025-08-19"",""2026-08-19""]"
"DD","DuPont","Industrials","0.5266015127985766","1.277321459998124","2.2772373177500214","0.3100741574981991","-0.17309717780633926","0.19687343052874506","0.4394446826834407","1.3880689464955311","ok","243","^AXJO","0.0435","2026-08-19T00:20:53.734601+00:00","2025-08-19","2026-08-19","1Y","[""top-picks-snapshot"",""1Y"",""^AXJO"",0.0435,1000,""2025-08-19"",""2026-08-19""]"
"DDOG","Datadog","Information Technology","0.9071245020842873","1.327388491416389","2.138519100993383","0.688031174010571","-0.4862057017996233","0.0981263734161569","0.9697256050702989","1.386167073043234","ok","243","^AXJO","0.0435","2026-08-19T00:20:53.734601+00:00","2025-08-19","2026-08-19","1Y","[""top-picks-snapshot"",""1Y"",""^AXJO"",0.0435,1000,""2025-08-19"",""2026-08-19""]"
"DE","Deere & Company","Industrials","0.21791125737220707","0.6467232116694052","1.0572551027254422","0.30622307575658475","-0.19898026819513415","0.14798989083842126","0.22700643538348542","0.7487263585053323","ok","243","^AXJO","0.0435","2026-08-19T00:20:53.734601+00:00","2025-08-19","2026-08-19","1Y","[""top-picks-snapshot"",""1Y"",""^AXJO"",0.0435,1000,""2025-08-19"",""2026-08-19""]"
"DECK","Deckers Brands","Consumer Discretionary","-0.15172474427753813","-0.35325166940770175","-0.36406269232861144","0.4491469760735074","-0.3580824908017496","0.08098481049171354","-0.25045559688144037","-0.4871743004769947","ok","243","^AXJO","0.0435","2026-08-19T00:20:53.734601+00:00","2025-08-19","2026-08-19","1Y","[""top-picks-snapshot"",""1Y"",""^AXJO"",0.0435,1000,""2025-08-19"",""2026-08-19""]"
"DELL","Dell Technologies","Information Technology","2.5105177415559004","2.0828532518254472","3.9174814490398804","0.7207639081387615","-0.323411466721531","0.2723231736503431","1.6274606007413026","2.225398335582755","ok","243","^AXJO","0.0435","2026-08-19T00:20:53.734601+00:00","2025-08-19","2026-08-19","1Y","[""top-picks-snapshot"",""1Y"",""^AXJO"",0.0435,1000,""2025-08-19"",""2026-08-19""]"
"DG","Dollar General","Consumer Staples","0.09322575430640279","0.4938462809924281","0.46450427568381963","0.36910495820598443","-0.3456701573066243","0.13942189729662577","0.08856011033306924","0.2827998190834059","ok","243","^AXJO","0.0435","2026-08-19T00:20:53.734601+00:00","2025-08-19","2026-08-19","1Y","[""top-picks-snapshot"",""1Y"",""^AXJO"",0.0435,1000,""2025-08-19"",""2026-08-19""]"
"DGT.AX","DIGICO INFRASTRUCTURE REIT","Real Estate","0.08105190199766099","0.4460858435668356","0.5404485769039679","0.5289654446325758","-0.4644965317340587","1.4491425770328368","0.29736600348357206","0.5573319957357554","ok","249","^AXJO","0.0435","2026-08-19T00:20:53.734601+00:00","2025-08-19","2026-08-19","1Y","[""top-picks-snapshot"",""1Y"",""^AXJO"",0.0435,1000,""2025-08-19"",""2026-08-19""]"
"DGX","Quest Diagnostics","Health Care","0.3148621078312479","1.378127454548891","1.9005329093430086","0.2372524259024947","-0.11554916454560848","0.026128076142663707","0.30266997699368925","1.2153055812503875","ok","243","^AXJO","0.0435","2026-08-19T00:20:53.734601+00:00","2025-08-19","2026-08-19","1Y","[""top-picks-snapshot"",""1Y"",""^AXJO"",0.0435,1000,""2025-08-19"",""2026-08-19""]"
"DHI","D. R. Horton","Consumer Discretionary","-0.12302314058787578","-0.26887129855468955","-0.4765939714133658","0.3570268462149463","-0.2755985367242394","-0.018740942826017716","-0.08269991316926784","-0.15214227062793498","ok","243","^AXJO","0.0435","2026-08-19T00:20:53.734601+00:00","2025-08-19","2026-08-19","1Y","[""top-picks-snapshot"",""1Y"",""^AXJO"",0.0435,1000,""2025-08-19"",""2026-08-19""]"
"DHR","Danaher Corporation","Health Care","-0.05253360836619125","0.05625714965826959","-0.2298118127237987","0.311779478291333","-0.3296627678223928","0.03590628867238061","0.012510508177841655","0.10479884330870962","ok","243","^AXJO","0.0435","2026-08-19T00:20:53.734601+00:00","2025-08-19","2026-08-19","1Y","[""top-picks-snapshot"",""1Y"",""^AXJO"",0.0435,1000,""2025-08-19"",""2026-08-19""]"
"DIS","Walt Disney Company (The)","Communication Services","-0.09301437284618996","-0.29792107773079896","-0.5748451464363631","0.2597264373657831","-0.2171857792692875","0.09429440576554185","-0.06219074509945666","-0.1401540817349978","ok","243","^AXJO","0.0435","2026-08-19T00:20:53.734601+00:00","2025-08-19","2026-08-19","1Y","[""top-picks-snapshot"",""1Y"",""^AXJO"",0.0435,1000,""2025-08-19"",""2026-08-19""]"
"DLR","Digital Realty","Real Estate","0.20601970079440868","0.7020538164995924","1.0590801293780825","0.2704933008356435","-0.16826115000705189","-0.05539475738823276","0.18641841646606688","0.7033157907239908","ok","243","^AXJO","0.0435","2026-08-19T00:20:53.734601+00:00","2025-08-19","2026-08-19","1Y","[""top-picks-snapshot"",""1Y"",""^AXJO"",0.0435,1000,""2025-08-19"",""2026-08-19""]"
"DLTR","Dollar Tree","Consumer Staples","0.16002837689723348","0.4900597789483673","0.7413771601954766","0.41565755008567384","-0.38531266252511387","-0.027399743522626287","0.23380236156464473","0.5921686082160121","ok","243","^AXJO","0.0435","2026-08-19T00:20:53.734601+00:00","2025-08-19","2026-08-19","1Y","[""top-picks-snapshot"",""1Y"",""^AXJO"",0.0435,1000,""2025-08-19"",""2026-08-19""]"
"DMP.AX","DOMINO'S PIZZA ENTERPRISES LTD","Consumer Discretionary","0.02498888869245741","0.12920993648501947","0.2960565984063","0.49884378609620444","-0.36549337236951573","0.808851055470737","0.11127621371837769","0.24185681916572058","ok","249","^AXJO","0.0435","2026-08-19T00:20:53.734601+00:00","2025-08-19","2026-08-19","1Y","[""top-picks-snapshot"",""1Y"",""^AXJO"",0.0435,1000,""2025-08-19"",""2026-08-19""]"
"DNL.AX","DYNO NOBEL LTD","Materials","0.2911783978962299","0.836754441019552","1.4123539196591013","0.265149100961304","-0.1848739041372941","0.9079105876785648","0.25619217394500965","1.07183914399411","ok","249","^AXJO","0.0435","2026-08-19T00:20:53.734601+00:00","2025-08-19","2026-08-19","1Y","[""top-picks-snapshot"",""1Y"",""^AXJO"",0.0435,1000,""2025-08-19"",""2026-08-19""]"
"DOC","Healthpeak Properties","Real Estate","0.26896013315236766","0.6085292575589843","1.4232680382472467","0.2937305146477429","-0.1708556599567187","0.012294662565637706","0.1538566040319856","0.5517456275060552","ok","243","^AXJO","0.0435","2026-08-19T00:20:53.734601+00:00","2025-08-19","2026-08-19","1Y","[""top-picks-snapshot"",""1Y"",""^AXJO"",0.0435,1000,""2025-08-19"",""2026-08-19""]"
"DOV","Dover Corporation","Industrials","0.14175135450493537","0.4190385017208414","0.7190075216827031","0.26266903641677514","-0.14817118636371673","0.047961852619983945","0.09216320167796407","0.39630406236721377","ok","243","^AXJO","0.0435","2026-08-19T00:20:53.734601+00:00","2025-08-19","2026-08-19","1Y","[""top-picks-snapshot"",""1Y"",""^AXJO"",0.0435,1000,""2025-08-19"",""2026-08-19""]"
"DOW","Dow Inc.","Materials","0.39487815565562423","1.1983549989226492","1.4016933440665917","0.44724279336893547","-0.3481071205026044","-0.4349937910598623","0.580463457171667","1.2672718546727801","ok","243","^AXJO","0.0435","2026-08-19T00:20:53.734601+00:00","2025-08-19","2026-08-19","1Y","[""top-picks-snapshot"",""1Y"",""^AXJO"",0.0435,1000,""2025-08-19"",""2026-08-19""]"
"DOW.AX","DOWNER EDI LTD","Industrials","0.11992600815713761","0.3290702694429724","0.6204909675866026","0.21540221568878234","-0.1401012122017805","0.8843350254991603","0.10198308260340205","0.5660871677427284","ok","249","^AXJO","0.0435","2026-08-19T00:20:53.734601+00:00","2025-08-19","2026-08-19","1Y","[""top-picks-snapshot"",""1Y"",""^AXJO"",0.0435,1000,""2025-08-19"",""2026-08-19""]"
"DPZ","Domino's","Consumer Discretionary","-0.23931804670684287","-0.6194864141343895","-1.2941575056833008","0.2929000697471859","-0.38265183689882487","-0.001662392063975592","-0.18779473561318394","-0.5197016670562594","ok","243","^AXJO","0.0435","2026-08-19T00:20:53.734601+00:00","2025-08-19","2026-08-19","1Y","[""top-picks-snapshot"",""1Y"",""^AXJO"",0.0435,1000,""2025-08-19"",""2026-08-19""]"
"DRI","Darden Restaurants","Consumer Discretionary","0.08642262671091272","0.2979855541513588","0.3939795217651056","0.2681463634590367","-0.20065340682328114","0.23082242393305488","0.20305259806535728","0.7950152494095682","ok","243","^AXJO","0.0435","2026-08-19T00:20:53.734601+00:00","2025-08-19","2026-08-19","1Y","[""top-picks-snapshot"",""1Y"",""^AXJO"",0.0435,1000,""2025-08-19"",""2026-08-19""]"
"DRO.AX","DRONESHIELD LTD","Unknown","-0.5078740083570407","-0.07263870202922551","-0.2810549870275104","1.0445922480858294","-0.7431818065236093","2.1118509457468346","0.04382696541248931","0.0036538772430246167","ok","249","^AXJO","0.0435","2026-08-19T00:20:53.734601+00:00","2025-08-19","2026-08-19","1Y","[""top-picks-snapshot"",""1Y"",""^AXJO"",0.0435,1000,""2025-08-19"",""2026-08-19""]"
"DRR.AX","DETERRA ROYALTIES LTD","Materials","0.060685527615219614","0.13622200248903535","0.2582547935313221","0.2654593959224101","-0.16180552660924885","0.9546609770517414","0.016675193363422026","0.07714632181573668","ok","250","^AXJO","0.0435","2026-08-19T00:20:53.734601+00:00","2025-08-19","2026-08-19","1Y","[""top-picks-snapshot"",""1Y"",""^AXJO"",0.0435,1000,""2025-08-19"",""2026-08-19""]"
"DTE","DTE Energy","Utilities","0.03685138415687805","0.20759774206663112","0.059478452735442264","0.1694017776315873","-0.11429123054832835","0.025751218115215104","0.016976127853104643","0.19235945892429074","ok","243","^AXJO","0.0435","2026-08-19T00:20:53.734601+00:00","2025-08-19","2026-08-19","1Y","[""top-picks-snapshot"",""1Y"",""^AXJO"",0.0435,1000,""2025-08-19"",""2026-08-19""]"
"DTL.AX","DATA#3 LTD","Information Technology","0.31024047461460214","0.7574781706547662","1.09407158328018","0.3439419431047466","-0.33815265747414036","0.8365027620690715","0.3015722767854774","0.9273006470961639","ok","249","^AXJO","0.0435","2026-08-19T00:20:53.734601+00:00","2025-08-19","2026-08-19","1Y","[""top-picks-snapshot"",""1Y"",""^AXJO"",0.0435,1000,""2025-08-19"",""2026-08-19""]"
"DUK","Duke Energy","Utilities","0.036851325018379066","0.3473544756890911","0.047437811855032666","0.15794649226183333","-0.10880489063888754","0.03342485053528242","0.03545365407504561","0.2964076149051509","ok","243","^AXJO","0.0435","2026-08-19T00:20:53.734601+00:00","2025-08-19","2026-08-19","1Y","[""top-picks-snapshot"",""1Y"",""^AXJO"",0.0435,1000,""2025-08-19"",""2026-08-19""]"
"DVA","DaVita","Health Care","0.3016535937643037","0.7442758544789723","1.2253210999724413","0.452635487997931","-0.2666833000296678","0.14111113390259603","0.32136980452948744","0.7177333498616943","ok","243","^AXJO","0.0435","2026-08-19T00:20:53.734601+00:00","2025-08-19","2026-08-19","1Y","[""top-picks-snapshot"",""1Y"",""^AXJO"",0.0435,1000,""2025-08-19"",""2026-08-19""]"
"DVN","Devon Energy","Energy","0.46135324454423254","1.2086951789109628","1.6938182607645655","0.34875040902436716","-0.22150403620867531","-0.3928895633050054","0.3971227142694833","1.1022867272042387","ok","243","^AXJO","0.0435","2026-08-19T00:20:53.734601+00:00","2025-08-19","2026-08-19","1Y","[""top-picks-snapshot"",""1Y"",""^AXJO"",0.0435,1000,""2025-08-19"",""2026-08-19""]"
"DXCM","Dexcom","Health Care","0.10754013330221213","0.3843875250421238","0.5000894407477472","0.42418065125307436","-0.33333334879121956","-0.07993210468174253","0.05394290387108282","0.17705082386822457","ok","243","^AXJO","0.0435","2026-08-19T00:20:53.734601+00:00","2025-08-19","2026-08-19","1Y","[""top-picks-snapshot"",""1Y"",""^AXJO"",0.0435,1000,""2025-08-19"",""2026-08-19""]"
"DXS.AX","DEXUS","Real Estate","-0.18445607713629186","-1.288672743459157","-1.57553485172515","0.19544610455320158","-0.291239443496901","0.5155978233108619","-0.23608149290013386","-1.122475449194723","ok","249","^AXJO","0.0435","2026-08-19T00:20:53.734601+00:00","2025-08-19","2026-08-19","1Y","[""top-picks-snapshot"",""1Y"",""^AXJO"",0.0435,1000,""2025-08-19"",""2026-08-19""]"
"DYL.AX","DEEP YELLOW LTD","Energy","0.010135125338900819","0.432560958618728","0.45465587595893125","0.7250041761913816","-0.5824742276487709","2.4800520851170975","0.39483491544603944","0.49796046698705265","ok","249","^AXJO","0.0435","2026-08-19T00:20:53.734601+00:00","2025-08-19","2026-08-19","1Y","[""top-picks-snapshot"",""1Y"",""^AXJO"",0.0435,1000,""2025-08-19"",""2026-08-19""]"
"EBAY","eBay Inc.","Consumer Discretionary","0.036971456995190666","0.46007825282282216","0.21058034730683253","0.35629610310977294","-0.19973735777059198","-0.014728474730834632","0.08459607471808187","0.285550698274798","ok","243","^AXJO","0.0435","2026-08-19T00:20:53.734601+00:00","2025-08-19","2026-08-19","1Y","[""top-picks-snapshot"",""1Y"",""^AXJO"",0.0435,1000,""2025-08-19"",""2026-08-19""]"
"EBO.AX","EBOS GROUP LTD","Unknown","-0.45703472507051024","-1.9684647841749503","-2.4229609275777877","0.3042560509496945","-0.5583298733668223","0.40586235980732166","-0.6655394887838372","-2.111753421237968","ok","250","^AXJO","0.0435","2026-08-19T00:20:53.734601+00:00","2025-08-19","2026-08-19","1Y","[""top-picks-snapshot"",""1Y"",""^AXJO"",0.0435,1000,""2025-08-19"",""2026-08-19""]"
"ECHO","EchoStar","Communication Services","2.273917815545301","1.6416690494050505","4.221798433853167","0.9229575974392435","-0.40839211858812086","-0.5682985743732388","1.6223278369307579","1.7234763217023459","ok","243","^AXJO","0.0435","2026-08-19T00:20:53.734601+00:00","2025-08-19","2026-08-19","1Y","[""top-picks-snapshot"",""1Y"",""^AXJO"",0.0435,1000,""2025-08-19"",""2026-08-19""]"
"ECL","Ecolab","Materials","-0.002381118326434506","-0.09238881990440802","-0.14187945448818526","0.21869172565508954","-0.20094517034828296","0.24341020201461547","-0.057057069188802795","-0.16320320291861848","ok","243","^AXJO","0.0435","2026-08-19T00:20:53.734601+00:00","2025-08-19","2026-08-19","1Y","[""top-picks-snapshot"",""1Y"",""^AXJO"",0.0435,1000,""2025-08-19"",""2026-08-19""]"
"ED","Consolidated Edison","Utilities","0.10645973206912207","0.5375443487725831","0.6080837848410976","0.17072256618215148","-0.0962515577669596","0.05553897423154427","0.08867030486156474","0.5352543543367606","ok","243","^AXJO","0.0435","2026-08-19T00:20:53.734601+00:00","2025-08-19","2026-08-19","1Y","[""top-picks-snapshot"",""1Y"",""^AXJO"",0.0435,1000,""2025-08-19"",""2026-08-19""]"
"EDV.AX","ENDEAVOUR GROUP LTD/AUSTRALIA","Consumer Staples","-0.1420405562136784","-0.7140086221016424","-0.997442107850654","0.23644709777085404","-0.30459257112619853","0.4763879857744667","-0.12745215525097184","-0.45459940555709566","ok","249","^AXJO","0.0435","2026-08-19T00:20:53.734601+00:00","2025-08-19","2026-08-19","1Y","[""top-picks-snapshot"",""1Y"",""^AXJO"",0.0435,1000,""2025-08-19"",""2026-08-19""]"
"EFX","Equifax","Industrials","-0.2646891973155535","-0.43651973439766717","-0.9320025352867498","0.38641109903731663","-0.4159119933313349","0.04939867153432302","-0.1755186632424977","-0.37582554294420156","ok","243","^AXJO","0.0435","2026-08-19T00:20:53.734601+00:00","2025-08-19","2026-08-19","1Y","[""top-picks-snapshot"",""1Y"",""^AXJO"",0.0435,1000,""2025-08-19"",""2026-08-19""]"
"EG","Everest Group","Financials","0.10093740986179833","0.10763760399625956","0.45391179865540204","0.24338860724223618","-0.16430951800373894","-0.14232899515307998","0.012783452811600315","0.14028930085548924","ok","243","^AXJO","0.0435","2026-08-19T00:20:53.734601+00:00","2025-08-19","2026-08-19","1Y","[""top-picks-snapshot"",""1Y"",""^AXJO"",0.0435,1000,""2025-08-19"",""2026-08-19""]"
"EIX","Edison International","Utilities","0.37978769543202895","1.5024839474115192","1.7869758137178797","0.25434336705470567","-0.1635978395847134","0.05713642137198073","0.3602433614542969","1.3738270038919955","ok","243","^AXJO","0.0435","2026-08-19T00:20:53.734601+00:00","2025-08-19","2026-08-19","1Y","[""top-picks-snapshot"",""1Y"",""^AXJO"",0.0435,1000,""2025-08-19"",""2026-08-19""]"
"EL","Estée Lauder Companies (The)","Consumer Staples","-0.04856264564404933","-0.01899262357667354","0.04016260397756642","0.4585966837044812","-0.43615969151655765","0.2618381954619128","-0.021786182432256995","-0.008614836498600502","ok","243","^AXJO","0.0435","2026-08-19T00:20:53.734601+00:00","2025-08-19","2026-08-19","1Y","[""top-picks-snapshot"",""1Y"",""^AXJO"",0.0435,1000,""2025-08-19"",""2026-08-19""]"
"ELD.AX","ELDERS LTD","Consumer Staples","-0.19212471302752998","-0.5635745438114144","-0.677716716696042","0.3414374895487582","-0.3310606994333216","0.7615240003621577","-0.17242827085078943","-0.4918227240769388","ok","249","^AXJO","0.0435","2026-08-19T00:20:53.734601+00:00","2025-08-19","2026-08-19","1Y","[""top-picks-snapshot"",""1Y"",""^AXJO"",0.0435,1000,""2025-08-19"",""2026-08-19""]"
"ELV","Elevance Health","Health Care","0.3033212017688922","0.9513813612266483","1.1008938698516195","0.35311670668710077","-0.2649437572605552","-0.049108680387170124","0.388349236728225","1.1766312997270651","ok","243","^AXJO","0.0435","2026-08-19T00:20:53.734601+00:00","2025-08-19","2026-08-19","1Y","[""top-picks-snapshot"",""1Y"",""^AXJO"",0.0435,1000,""2025-08-19"",""2026-08-19""]"
"EME","Emcor","Industrials","0.36083977567514647","0.7076710004391632","1.2021143612724885","0.4451931690905009","-0.28707035664949376","-0.003736428576528384","0.3447220385126583","0.7822935688883645","ok","243","^AXJO","0.0435","2026-08-19T00:20:53.734601+00:00","2025-08-19","2026-08-19","1Y","[""top-picks-snapshot"",""1Y"",""^AXJO"",0.0435,1000,""2025-08-19"",""2026-08-19""]"
"EMR","Emerson Electric","Industrials","0.21785933479527597","0.5519611055991809","0.9236410348409121","0.3208828826313735","-0.23449922541937684","0.22898996458084878","0.1710827571519322","0.5617565489862695","ok","243","^AXJO","0.0435","2026-08-19T00:20:53.734601+00:00","2025-08-19","2026-08-19","1Y","[""top-picks-snapshot"",""1Y"",""^AXJO"",0.0435,1000,""2025-08-19"",""2026-08-19""]"
"EMR.AX","EMERALD RESOURCES NL","Materials","0.8494318932264062","1.4177781525301718","1.9096568846441737","0.5600376593644589","-0.4287499785423279","2.3816706361896403","0.8882913254844663","1.6656132283738756","ok","249","^AXJO","0.0435","2026-08-19T00:20:53.734601+00:00","2025-08-19","2026-08-19","1Y","[""top-picks-snapshot"",""1Y"",""^AXJO"",0.0435,1000,""2025-08-19"",""2026-08-19""]"
"EOG","EOG Resources","Energy","0.3115341473916995","0.9717690745464501","1.362302420154585","0.2862143890334131","-0.18511280341978797","-0.2453881657893411","0.24619509304700296","0.844735534710924","ok","243","^AXJO","0.0435","2026-08-19T00:20:53.734601+00:00","2025-08-19","2026-08-19","1Y","[""top-picks-snapshot"",""1Y"",""^AXJO"",0.0435,1000,""2025-08-19"",""2026-08-19""]"
"EQIX","Equinix","Real Estate","0.434810715638126","1.5794590918426226","2.4474042296274745","0.24442726429912515","-0.1365504086034438","-0.06687327966819412","0.39379652735452125","1.4955801276929883","ok","243","^AXJO","0.0435","2026-08-19T00:20:53.734601+00:00","2025-08-19","2026-08-19","1Y","[""top-picks-snapshot"",""1Y"",""^AXJO"",0.0435,1000,""2025-08-19"",""2026-08-19""]"
"EQR","Equity Residential","Real Estate","0.11902577597888353","0.762590575517871","0.7231906241135583","0.20100877366493827","-0.11575420262705682","-0.14186891531434873","0.1467287253724364","0.8629697991120715","ok","221","^AXJO","0.0435","2026-08-19T00:20:53.734601+00:00","2025-08-19","2026-08-19","1Y","[""top-picks-snapshot"",""1Y"",""^AXJO"",0.0435,1000,""2025-08-19"",""2026-08-19""]"
"EQT","EQT Corporation","Energy","0.06383889296187673","0.14856408432292836","0.3202783894692548","0.3078615813088204","-0.27885100339624946","-0.03383174530675689","0.05701617480941525","0.2442236636019136","ok","243","^AXJO","0.0435","2026-08-19T00:20:53.734601+00:00","2025-08-19","2026-08-19","1Y","[""top-picks-snapshot"",""1Y"",""^AXJO"",0.0435,1000,""2025-08-19"",""2026-08-19""]"
"ERIE","Erie Indemnity","Financials","-0.2770930888378068","-0.6369094283819684","-1.0614081096580066","0.3730622149406475","-0.42562974679129584","-0.018646176820180795","-0.2949366462201405","-0.6862995572203534","ok","243","^AXJO","0.0435","2026-08-19T00:20:53.734601+00:00","2025-08-19","2026-08-19","1Y","[""top-picks-snapshot"",""1Y"",""^AXJO"",0.0435,1000,""2025-08-19"",""2026-08-19""]"
"ES","Eversource Energy","Utilities","0.14939959297546634","0.5550240876951491","0.6627116824558896","0.25043878618307364","-0.15130882070648166","0.06792952157543525","0.14467699160837313","0.5983279702664174","ok","243","^AXJO","0.0435","2026-08-19T00:20:53.734601+00:00","2025-08-19","2026-08-19","1Y","[""top-picks-snapshot"",""1Y"",""^AXJO"",0.0435,1000,""2025-08-19"",""2026-08-19""]"
"ESS","Essex Property Trust","Real Estate","0.12448922914878024","0.5997906524985015","0.6564851556746715","0.1972657153828975","-0.09591797747373498","-0.10131647665245946","0.11929834279995948","0.6037228847867274","ok","243","^AXJO","0.0435","2026-08-19T00:20:53.734601+00:00","2025-08-19","2026-08-19","1Y","[""top-picks-snapshot"",""1Y"",""^AXJO"",0.0435,1000,""2025-08-19"",""2026-08-19""]"
"ETN","Eaton Corporation","Industrials","0.24968189472353286","0.4562346284957797","0.9514765388529675","0.37951853410049624","-0.1832572876595594","0.1898270167884062","0.17924302714982182","0.5049253196407185","ok","243","^AXJO","0.0435","2026-08-19T00:20:53.734601+00:00","2025-08-19","2026-08-19","1Y","[""top-picks-snapshot"",""1Y"",""^AXJO"",0.0435,1000,""2025-08-19"",""2026-08-19""]"
"ETR","Entergy","Utilities","0.24728999431483656","1.1428699183883737","1.4236889663648755","0.20394416375701532","-0.10557259026636467","-0.02356679981238087","0.22426114500565347","1.0306890700528373","ok","243","^AXJO","0.0435","2026-08-19T00:20:53.734601+00:00","2025-08-19","2026-08-19","1Y","[""top-picks-snapshot"",""1Y"",""^AXJO"",0.0435,1000,""2025-08-19"",""2026-08-19""]"
"EVN.AX","EVOLUTION MINING LTD","Materials","0.7750075725515546","1.3557356764847286","1.9002175707283122","0.5460024050329955","-0.40984540212686305","2.5971822524176447","0.857970031632136","1.6393409605862006","ok","249","^AXJO","0.0435","2026-08-19T00:20:53.734601+00:00","2025-08-19","2026-08-19","1Y","[""top-picks-snapshot"",""1Y"",""^AXJO"",0.0435,1000,""2025-08-19"",""2026-08-19""]"
"EVRG","Evergy","Utilities","0.1918567621359757","1.092493953259134","1.3247104182577267","0.1592855312388446","-0.07303631546970168","0.021221282845856775","0.181277314254183","1.0192652192766114","ok","243","^AXJO","0.0435","2026-08-19T00:20:53.734601+00:00","2025-08-19","2026-08-19","1Y","[""top-picks-snapshot"",""1Y"",""^AXJO"",0.0435,1000,""2025-08-19"",""2026-08-19""]"
"EW","Edwards Lifesciences","Health Care","0.15266695812957742","0.38015743576384126","0.8049592920050855","0.24641619757699681","-0.1318554634536533","0.020504689752677694","0.07270551411168864","0.34658344941585767","ok","243","^AXJO","0.0435","2026-08-19T00:20:53.734601+00:00","2025-08-19","2026-08-19","1Y","[""top-picks-snapshot"",""1Y"",""^AXJO"",0.0435,1000,""2025-08-19"",""2026-08-19""]"
"EXC","Exelon","Utilities","0.04002027548958087","0.18099769427231038","0.10645874434897261","0.19059252645557967","-0.1374030207504412","0.004582183970644799","0.038192793508031224","0.27044928691035186","ok","243","^AXJO","0.0435","2026-08-19T00:20:53.734601+00:00","2025-08-19","2026-08-19","1Y","[""top-picks-snapshot"",""1Y"",""^AXJO"",0.0435,1000,""2025-08-19"",""2026-08-19""]"
"EXE","Expand Energy","Energy","0.048914256432373016","0.04594222921138438","0.25513649636074426","0.3103555160842761","-0.2842907377550453","-0.08038934300074735","0.03898628046936762","0.1940575632412855","ok","243","^AXJO","0.0435","2026-08-19T00:20:53.734601+00:00","2025-08-19","2026-08-19","1Y","[""top-picks-snapshot"",""1Y"",""^AXJO"",0.0435,1000,""2025-08-19"",""2026-08-19""]"
"EXPD","Expeditors International","Industrials","0.5477192912715558","1.4751372091562662","2.118302717464384","0.31001226024408635","-0.158809892526519","-0.12225510508822951","0.47072702437388303","1.4366413116946573","ok","243","^AXJO","0.0435","2026-08-19T00:20:53.734601+00:00","2025-08-19","2026-08-19","1Y","[""top-picks-snapshot"",""1Y"",""^AXJO"",0.0435,1000,""2025-08-19"",""2026-08-19""]"
"EXPE","Expedia Group","Consumer Discretionary","0.5571561189207426","1.3211692311937748","1.6442438087868612","0.48989572530698633","-0.37436527828071786","0.3805914908341852","0.6817399989074902","1.3935834959751163","ok","243","^AXJO","0.0435","2026-08-19T00:20:53.734601+00:00","2025-08-19","2026-08-19","1Y","[""top-picks-snapshot"",""1Y"",""^AXJO"",0.0435,1000,""2025-08-19"",""2026-08-19""]"
"EXR","Extra Space Storage","Real Estate","0.10256663059596804","0.5667835404911573","0.5046121311079329","0.22957517720193","-0.16700637805183383","0.1456094193668976","0.1348121928642817","0.6093896247435395","ok","243","^AXJO","0.0435","2026-08-19T00:20:53.734601+00:00","2025-08-19","2026-08-19","1Y","[""top-picks-snapshot"",""1Y"",""^AXJO"",0.0435,1000,""2025-08-19"",""2026-08-19""]"
"F","Ford Motor Company","Consumer Discretionary","0.2590212972311927","0.5814622554865578","1.1686609808863615","0.37764871676877027","-0.23394498506237715","0.2577320086863231","0.22683055439583225","0.6202297990580432","ok","243","^AXJO","0.0435","2026-08-19T00:20:53.734601+00:00","2025-08-19","2026-08-19","1Y","[""top-picks-snapshot"",""1Y"",""^AXJO"",0.0435,1000,""2025-08-19"",""2026-08-19""]"
"FANG","Diamondback Energy","Energy","0.5477746651067328","1.3834228054160782","2.083925378598817","0.3229646097563106","-0.19085691934347626","-0.3243244122850304","0.37327603151784305","1.1169740985075542","ok","243","^AXJO","0.0435","2026-08-19T00:20:53.734601+00:00","2025-08-19","2026-08-19","1Y","[""top-picks-snapshot"",""1Y"",""^AXJO"",0.0435,1000,""2025-08-19"",""2026-08-19""]"
"FAST","Fastenal","Industrials","0.049773000382335786","0.308938820251362","0.2062553473056496","0.2559303853777315","-0.21902117196876014","0.224037293484944","0.12115713027403333","0.5053144207847544","ok","243","^AXJO","0.0435","2026-08-19T00:20:53.734601+00:00","2025-08-19","2026-08-19","1Y","[""top-picks-snapshot"",""1Y"",""^AXJO"",0.0435,1000,""2025-08-19"",""2026-08-19""]"
"FBU.AX","FLETCHER BUILDING LTD","Industrials","0.09999999148505068","0.15211780990958537","0.4917359820408514","0.2773680043898975","-0.32738093421910563","0.7755777810850453","0.07379613847580051","0.3117850827746415","ok","249","^AXJO","0.0435","2026-08-19T00:20:53.734601+00:00","2025-08-19","2026-08-19","1Y","[""top-picks-snapshot"",""1Y"",""^AXJO"",0.0435,1000,""2025-08-19"",""2026-08-19""]"
"FCX","Freeport-McMoRan","Materials","0.6168101706563673","1.0092560615931432","1.5502252477206697","0.502026908394018","-0.24309796349452595","0.6375411996872444","0.5407690933290598","1.081427619763608","ok","243","^AXJO","0.0435","2026-08-19T00:20:53.734601+00:00","2025-08-19","2026-08-19","1Y","[""top-picks-snapshot"",""1Y"",""^AXJO"",0.0435,1000,""2025-08-19"",""2026-08-19""]"
"FDS","FactSet","Financials","-0.2240578598374775","-0.11773868084194711","-0.5524407357041162","0.46927903823848033","-0.5063025829111913","0.06779028427143044","0.008329005025207427","0.06346648148553903","ok","243","^AXJO","0.0435","2026-08-19T00:20:53.734601+00:00","2025-08-19","2026-08-19","1Y","[""top-picks-snapshot"",""1Y"",""^AXJO"",0.0435,1000,""2025-08-19"",""2026-08-19""]"
"FDX","FedEx","Industrials","0.7820890244917342","2.215546340516725","3.148800324388612","0.28638448230088687","-0.11669692966111112","0.06334566720154793","0.6661447085482513","2.2026687762966386","ok","243","^AXJO","0.0435","2026-08-19T00:20:53.734601+00:00","2025-08-19","2026-08-19","1Y","[""top-picks-snapshot"",""1Y"",""^AXJO"",0.0435,1000,""2025-08-19"",""2026-08-19""]"
"FDXF","FedEx Freight","Industrials",,,,,,,,,"limited_data","55","^AXJO","0.0435","2026-08-19T00:20:53.734601+00:00","2025-08-19","2026-08-19","1Y","[""top-picks-snapshot"",""1Y"",""^AXJO"",0.0435,1000,""2025-08-19"",""2026-08-19""]"
"FE","FirstEnergy","Utilities","0.13216748650076982","0.7248719925610212","0.8338800251032688","0.1575247507321244","-0.14714021289425427","0.03073980385333651","0.11977933263768871","0.7176035634142278","ok","243","^AXJO","0.0435","2026-08-19T00:20:53.734601+00:00","2025-08-19","2026-08-19","1Y","[""top-picks-snapshot"",""1Y"",""^AXJO"",0.0435,1000,""2025-08-19"",""2026-08-19""]"
"FERG","Ferguson Enterprises","Industrials","0.06820037588663697","0.35016517185408924","0.3299191987068264","0.3158106101228536","-0.18323479233358386","0.4147660384446033","0.11407079189207313","0.3971287681037104","ok","243","^AXJO","0.0435","2026-08-19T00:20:53.734601+00:00","2025-08-19","2026-08-19","1Y","[""top-picks-snapshot"",""1Y"",""^AXJO"",0.0435,1000,""2025-08-19"",""2026-08-19""]"
"FFIV","F5, Inc.","Information Technology","0.24768600675066454","0.7401013776799217","0.9702842491500677","0.350054360670519","-0.34729143943594465","-0.19630856954341827","0.21244775112193703","0.6265766044617717","ok","243","^AXJO","0.0435","2026-08-19T00:20:53.734601+00:00","2025-08-19","2026-08-19","1Y","[""top-picks-snapshot"",""1Y"",""^AXJO"",0.0435,1000,""2025-08-19"",""2026-08-19""]"
"FICO","Fair Isaac","Information Technology","-0.22153469611815313","-0.22925753363727971","-0.3628043812440817","0.5416553698076559","-0.5092602106061113","0.2795491132650495","-0.2357233378524719","-0.3909465312284452","ok","243","^AXJO","0.0435","2026-08-19T00:20:53.734601+00:00","2025-08-19","2026-08-19","1Y","[""top-picks-snapshot"",""1Y"",""^AXJO"",0.0435,1000,""2025-08-19"",""2026-08-19""]"
"FIS","Fidelity National Information Services","Financials","-0.39023160390240974","-1.2104845151894728","-1.91874196807203","0.32410803141627925","-0.45734778024589084","-0.10845364243841639","-0.3334066450763812","-0.8713327812979382","ok","243","^AXJO","0.0435","2026-08-19T00:20:53.734601+00:00","2025-08-19","2026-08-19","1Y","[""top-picks-snapshot"",""1Y"",""^AXJO"",0.0435,1000,""2025-08-19"",""2026-08-19""]"
"FISV","Fiserv","Financials","-0.628207885890452","-1.4789241935444983","-1.5845044499733536","0.5752979389991235","-0.662999997820173","0.2669527619783564","-0.8183728124766646","-1.3579872303834317","ok","241","^AXJO","0.0435","2026-08-19T00:20:53.734601+00:00","2025-08-19","2026-08-19","1Y","[""top-picks-snapshot"",""1Y"",""^AXJO"",0.0435,1000,""2025-08-19"",""2026-08-19""]"
"FITB","Fifth Third Bancorp","Financials","0.38396368390414426","1.017929967080221","1.775255878028243","0.2616180954006689","-0.21205518825630842","-0.14682564313089275","0.25960662440983423","0.9475369180035467","ok","243","^AXJO","0.0435","2026-08-19T00:20:53.734601+00:00","2025-08-19","2026-08-19","1Y","[""top-picks-snapshot"",""1Y"",""^AXJO"",0.0435,1000,""2025-08-19"",""2026-08-19""]"
"FIX","Comfort Systems USA","Industrials","1.5479817323504976","1.695692049332338","2.929800517286741","0.5623678759449648","-0.26447977102719555","0.03533723483915114","1.054656132156902","1.8481254086393994","ok","243","^AXJO","0.0435","2026-08-19T00:20:53.734601+00:00","2025-08-19","2026-08-19","1Y","[""top-picks-snapshot"",""1Y"",""^AXJO"",0.0435,1000,""2025-08-19"",""2026-08-19""]"
"FLEX","Flex Ltd.","Information Technology","1.4159131355807166","1.3609792099521483","2.825875906013658","0.6793553443256819","-0.3643487876385644","0.47970324743442616","1.092385356870435","1.6023236459445342","ok","243","^AXJO","0.0435","2026-08-19T00:20:53.734601+00:00","2025-08-19","2026-08-19","1Y","[""top-picks-snapshot"",""1Y"",""^AXJO"",0.0435,1000,""2025-08-19"",""2026-08-19""]"
"FLT.AX","FLIGHT CENTRE TRAVEL GROUP LTD","Consumer Discretionary","0.006615755160363612","0.0006386198440245868","0.1244695392262572","0.36934718519566173","-0.4088179090419033","1.3542755571344953","0.06026061962809022","0.1420087082496945","ok","249","^AXJO","0.0435","2026-08-19T00:20:53.734601+00:00","2025-08-19","2026-08-19","1Y","[""top-picks-snapshot"",""1Y"",""^AXJO"",0.0435,1000,""2025-08-19"",""2026-08-19""]"
"FMG.AX","FORTESCUE METALS GROUP LTD","Materials","-0.0452715231542522","-0.12486047180887502","-0.2298994361451968","0.28632070774184726","-0.2327098927678466","1.024809084462665","0.005457674598378773","0.017844736745638797","ok","249","^AXJO","0.0435","2026-08-19T00:20:53.734601+00:00","2025-08-19","2026-08-19","1Y","[""top-picks-snapshot"",""1Y"",""^AXJO"",0.0435,1000,""2025-08-19"",""2026-08-19""]"
"FOX","Fox Corporation (Class B)","Communication Services","0.16254286181754884","0.5765507989426981","0.6642756013131947","0.3415306052533202","-0.34137306212398666","-0.4664537760159144","0.17126200330822045","0.5305935698284955","ok","243","^AXJO","0.0435","2026-08-19T00:20:53.734601+00:00","2025-08-19","2026-08-19","1Y","[""top-picks-snapshot"",""1Y"",""^AXJO"",0.0435,1000,""2025-08-19"",""2026-08-19""]"
"FOXA","Fox Corporation (Class A)","Communication Services","0.19842195435800347","0.6518716786014526","0.7635888526299711","0.35379654876752814","-0.35580954253634434","-0.47825541808920996","0.20476295526371285","0.6017303302508701","ok","243","^AXJO","0.0435","2026-08-19T00:20:53.734601+00:00","2025-08-19","2026-08-19","1Y","[""top-picks-snapshot"",""1Y"",""^AXJO"",0.0435,1000,""2025-08-19"",""2026-08-19""]"
"FPH.AX","FISHER & PAYKEL HEALTHCARE COR","Healthcare","0.050758593376429406","0.024360914355565283","0.21526905400551252","0.24956359976678022","-0.23141215052838215","0.8070394309974978","0.03640668788126294","0.18768068310111363","ok","250","^AXJO","0.0435","2026-08-19T00:20:53.734601+00:00","2025-08-19","2026-08-19","1Y","[""top-picks-snapshot"",""1Y"",""^AXJO"",0.0435,1000,""2025-08-19"",""2026-08-19""]"
"FRT","Federal Realty Investment Trust","Real Estate","0.26748882884404557","1.3123353576507433","1.9142242572186976","0.16832391848809655","-0.0817273626533418","0.0007783837167200989","0.22256872091524757","1.167934004290676","ok","243","^AXJO","0.0435","2026-08-19T00:20:53.734601+00:00","2025-08-19","2026-08-19","1Y","[""top-picks-snapshot"",""1Y"",""^AXJO"",0.0435,1000,""2025-08-19"",""2026-08-19""]"
"FSLR","First Solar","Information Technology","0.04289906856726433","0.0684609714423812","0.38747439979642856","0.5361031756750109","-0.37395127889029356","0.03532535485781694","0.15956915396527394","0.32665588497873094","ok","243","^AXJO","0.0435","2026-08-19T00:20:53.734601+00:00","2025-08-19","2026-08-19","1Y","[""top-picks-snapshot"",""1Y"",""^AXJO"",0.0435,1000,""2025-08-19"",""2026-08-19""]"
"FTNT","Fortinet","Information Technology","1.023434523202388","1.9731875327895239","3.282050685824707","0.39732885042601296","-0.14336137988659814","0.038952461802317276","0.8370189259902553","2.053001272430187","ok","243","^AXJO","0.0435","2026-08-19T00:20:53.734601+00:00","2025-08-19","2026-08-19","1Y","[""top-picks-snapshot"",""1Y"",""^AXJO"",0.0435,1000,""2025-08-19"",""2026-08-19""]"
"FTV","Fortive","Industrials","0.23989056443664025","0.8146407364319151","1.1867597584521195","0.2669281056429577","-0.13309629570364045","0.06474952578586081","0.22252573931173378","0.8426572634672893","ok","243","^AXJO","0.0435","2026-08-19T00:20:53.734601+00:00","2025-08-19","2026-08-19","1Y","[""top-picks-snapshot"",""1Y"",""^AXJO"",0.0435,1000,""2025-08-19"",""2026-08-19""]"
"GD","General Dynamics","Industrials","0.2655555160757821","1.2039791553917714","1.5648292877475796","0.21978329551223924","-0.14534904188918418","-0.09294722002754584","0.2774489330281572","1.166563016141203","ok","243","^AXJO","0.0435","2026-08-19T00:20:53.734601+00:00","2025-08-19","2026-08-19","1Y","[""top-picks-snapshot"",""1Y"",""^AXJO"",0.0435,1000,""2025-08-19"",""2026-08-19""]"
"GDDY","GoDaddy","Information Technology","-0.3375742892666411","-0.5947202357892928","-1.0048744932241107","0.45971162495410783","-0.49630578046530693","-0.2027997848231463","-0.3113316757331338","-0.5777272306465623","ok","243","^AXJO","0.0435","2026-08-19T00:20:53.734601+00:00","2025-08-19","2026-08-19","1Y","[""top-picks-snapshot"",""1Y"",""^AXJO"",0.0435,1000,""2025-08-19"",""2026-08-19""]"
"GDG.AX","GENERATION DEVELOPMENT GROUP L","Financials","-0.39309882367457993","-0.63616193048455","-0.782104347415543","0.6602656953774911","-0.5594898273696386","1.9733021952775684","-0.3494323125224722","-0.6104506021991468","ok","249","^AXJO","0.0435","2026-08-19T00:20:53.734601+00:00","2025-08-19","2026-08-19","1Y","[""top-picks-snapshot"",""1Y"",""^AXJO"",0.0435,1000,""2025-08-19"",""2026-08-19""]"
"GE","GE Aerospace","Industrials","0.41764689938194666","1.0328549282026476","1.6268538519197402","0.3220774771205325","-0.20851491484155849","0.40664978958093195","0.30397071735751646","0.9737298544191086","ok","243","^AXJO","0.0435","2026-08-19T00:20:53.734601+00:00","2025-08-19","2026-08-19","1Y","[""top-picks-snapshot"",""1Y"",""^AXJO"",0.0435,1000,""2025-08-19"",""2026-08-19""]"
"GEHC","GE HealthCare","Health Care","-0.016246704291360436","0.25666700359357364","0.009966127610699779","0.3534708765418308","-0.32466449089420335","0.29238011136126174","0.08209625467234685","0.26831854893110235","ok","243","^AXJO","0.0435","2026-08-19T00:20:53.734601+00:00","2025-08-19","2026-08-19","1Y","[""top-picks-snapshot"",""1Y"",""^AXJO"",0.0435,1000,""2025-08-19"",""2026-08-19""]"
"GEN","Gen Digital","Information Technology","-0.10503034590977456","0.15925262304989365","-0.42410764719298255","0.34751377023224306","-0.4278004725039736","-0.38343789302368814","0.08842475447250361","0.3166877352079558","ok","243","^AXJO","0.0435","2026-08-19T00:20:53.734601+00:00","2025-08-19","2026-08-19","1Y","[""top-picks-snapshot"",""1Y"",""^AXJO"",0.0435,1000,""2025-08-19"",""2026-08-19""]"
"GEV","GE Vernova","Industrials","0.6693101960444632","1.055131750408183","1.8108084947166099","0.5239112380091894","-0.24570042034006923","-0.04883546253200263","0.60134580089425","1.150845635383807","ok","243","^AXJO","0.0435","2026-08-19T00:20:53.734601+00:00","2025-08-19","2026-08-19","1Y","[""top-picks-snapshot"",""1Y"",""^AXJO"",0.0435,1000,""2025-08-19"",""2026-08-19""]"
"GGP.AX","GREATLAND RESOURCES LTD","Unknown","1.2614260255987468","1.5779187604068294","2.501807305226016","0.6308118554188131","-0.36885813107682763","2.606471024152478","1.1012833509221334","1.795888017953735","ok","249","^AXJO","0.0435","2026-08-19T00:20:53.734601+00:00","2025-08-19","2026-08-19","1Y","[""top-picks-snapshot"",""1Y"",""^AXJO"",0.0435,1000,""2025-08-19"",""2026-08-19""]"
"GILD","Gilead Sciences","Health Care","0.24747171072248908","0.9425573244963776","1.2812150594250211","0.2627351648044735","-0.21585431504893637","-0.09740475953923365","0.22869505826690775","0.853924635291798","ok","243","^AXJO","0.0435","2026-08-19T00:20:53.734601+00:00","2025-08-19","2026-08-19","1Y","[""top-picks-snapshot"",""1Y"",""^AXJO"",0.0435,1000,""2025-08-19"",""2026-08-19""]"
"GIS","General Mills","Consumer Staples","-0.18955585138274766","-0.3583217168317173","-1.0938776390390663","0.2722319898650894","-0.3427878435295548","-0.016414918442227193","-0.10225255171229744","-0.2638855733303715","ok","243","^AXJO","0.0435","2026-08-19T00:20:53.734601+00:00","2025-08-19","2026-08-19","1Y","[""top-picks-snapshot"",""1Y"",""^AXJO"",0.0435,1000,""2025-08-19"",""2026-08-19""]"
"GL","Globe Life","Financials","0.3125944112690122","1.3603256589891166","1.774259094317259","0.19766011505116804","-0.108680074142394","-0.1270637899572607","0.28329032295367373","1.270731730646998","ok","243","^AXJO","0.0435","2026-08-19T00:20:53.734601+00:00","2025-08-19","2026-08-19","1Y","[""top-picks-snapshot"",""1Y"",""^AXJO"",0.0435,1000,""2025-08-19"",""2026-08-19""]"
"GLW","Corning Inc.","Information Technology","1.5053924410073445","1.5465805085019528","2.4844891550587795","0.7011274927723572","-0.5148421844135849","0.682770932122369","1.0691765024180464","1.5700784660251903","ok","243","^AXJO","0.0435","2026-08-19T00:20:53.734601+00:00","2025-08-19","2026-08-19","1Y","[""top-picks-snapshot"",""1Y"",""^AXJO"",0.0435,1000,""2025-08-19"",""2026-08-19""]"
"GM","General Motors","Consumer Discretionary","0.4804741873206422","1.1578720899957702","2.1124997017758425","0.3410897783760899","-0.15997447568824386","0.23392279843741645","0.3108518405282808","0.9453139630818086","ok","243","^AXJO","0.0435","2026-08-19T00:20:53.734601+00:00","2025-08-19","2026-08-19","1Y","[""top-picks-snapshot"",""1Y"",""^AXJO"",0.0435,1000,""2025-08-19"",""2026-08-19""]"
"GMD.AX","GENESIS MINERALS LTD","Materials","0.6275862250401776","1.0117846805496067","1.5348614824136808","0.6489339954275332","-0.42992872360547785","2.7377468670795087","0.8225191828565872","1.26646661761332","ok","250","^AXJO","0.0435","2026-08-19T00:20:53.734601+00:00","2025-08-19","2026-08-19","1Y","[""top-picks-snapshot"",""1Y"",""^AXJO"",0.0435,1000,""2025-08-19"",""2026-08-19""]"
"GMG.AX","GOODMAN GROUP","Real Estate","-0.13914271365690822","-0.5343998101039596","-0.7807836514517951","0.28206524889870827","-0.3043606318960719","1.404666858016256","-0.13629335079236526","-0.6551008666480073","ok","250","^AXJO","0.0435","2026-08-19T00:20:53.734601+00:00","2025-08-19","2026-08-19","1Y","[""top-picks-snapshot"",""1Y"",""^AXJO"",0.0435,1000,""2025-08-19"",""2026-08-19""]"
"GNC.AX","GRAINCORP LTD","Consumer Staples","-0.2703856119205269","-0.8406347341337622","-0.9335206093500397","0.35058948722260236","-0.4679270002230106","0.44151947967670735","-0.29668693572972793","-0.7775411039638399","ok","249","^AXJO","0.0435","2026-08-19T00:20:53.734601+00:00","2025-08-19","2026-08-19","1Y","[""top-picks-snapshot"",""1Y"",""^AXJO"",0.0435,1000,""2025-08-19"",""2026-08-19""]"
"GNRC","Generac","Industrials","0.06268834444822824","0.06006262324050231","0.4491790589092052","0.5448162433007283","-0.3506462809994161","0.6414110603431777","0.14964852518919716","0.2889632932057573","ok","243","^AXJO","0.0435","2026-08-19T00:20:53.734601+00:00","2025-08-19","2026-08-19","1Y","[""top-picks-snapshot"",""1Y"",""^AXJO"",0.0435,1000,""2025-08-19"",""2026-08-19""]"
"GOOG","Alphabet Inc. (Class C)","Communication Services","0.6902293865497917","1.9044126350161006","2.85284373767665","0.3235023613728854","-0.207502320825124","0.03904305845177718","0.5959524688239975","1.7839157830992465","ok","243","^AXJO","0.0435","2026-08-19T00:20:53.734601+00:00","2025-08-19","2026-08-19","1Y","[""top-picks-snapshot"",""1Y"",""^AXJO"",0.0435,1000,""2025-08-19"",""2026-08-19""]"
"GOOGL","Alphabet Inc. (Class A)","Communication Services","0.7124666018600092","1.9340932362909118","2.8689321296802555","0.32806011257215334","-0.21047203234359313","0.0433618566500836","0.6141082230758","1.810967688147973","ok","243","^AXJO","0.0435","2026-08-19T00:20:53.734601+00:00","2025-08-19","2026-08-19","1Y","[""top-picks-snapshot"",""1Y"",""^AXJO"",0.0435,1000,""2025-08-19"",""2026-08-19""]"
"GPC","Genuine Parts Company","Consumer Discretionary","-0.01537829402650237","0.9550461936987343","-0.019990051020144384","0.32967232204508007","-0.37480210966222127","0.3228762842737122","0.2814182143847325","0.9783330756443158","ok","243","^AXJO","0.0435","2026-08-19T00:20:53.734601+00:00","2025-08-19","2026-08-19","1Y","[""top-picks-snapshot"",""1Y"",""^AXJO"",0.0435,1000,""2025-08-19"",""2026-08-19""]"
"GPN","Global Payments","Financials","0.056996729594904094","0.39599455075995166","0.35361315759087564","0.4060103024368785","-0.2995357596461262","0.16683332694249892","0.27286110149436316","0.6901225260169862","ok","243","^AXJO","0.0435","2026-08-19T00:20:53.734601+00:00","2025-08-19","2026-08-19","1Y","[""top-picks-snapshot"",""1Y"",""^AXJO"",0.0435,1000,""2025-08-19"",""2026-08-19""]"
"GPT.AX","GPT GROUP/THE","Real Estate","-0.07450836822584128","-0.4853528425716887","-0.6623883253772583","0.20309602806060728","-0.20855616044161274","0.6883929386189578","-0.033592187001183715","-0.12069814097125887","ok","249","^AXJO","0.0435","2026-08-19T00:20:53.734601+00:00","2025-08-19","2026-08-19","1Y","[""top-picks-snapshot"",""1Y"",""^AXJO"",0.0435,1000,""2025-08-19"",""2026-08-19""]"
"GQG.AX","GQG PARTNERS INC","Financials","-0.06001804887335471","-0.2443874298372911","-0.19447642238843973","0.3485496961106549","-0.2836531479059473","0.3601669863705597","-0.07568751911127877","-0.1484593187541238","ok","249","^AXJO","0.0435","2026-08-19T00:20:53.734601+00:00","2025-08-19","2026-08-19","1Y","[""top-picks-snapshot"",""1Y"",""^AXJO"",0.0435,1000,""2025-08-19"",""2026-08-19""]"
"GRMN","Garmin","Consumer Discretionary","0.29499520580748007","0.9799161280156807","1.2936437386375208","0.3432235099541345","-0.27974737467708377","0.3039536330581329","0.37291466317285227","1.1022741121355668","ok","243","^AXJO","0.0435","2026-08-19T00:20:53.734601+00:00","2025-08-19","2026-08-19","1Y","[""top-picks-snapshot"",""1Y"",""^AXJO"",0.0435,1000,""2025-08-19"",""2026-08-19""]"
"GS","Goldman Sachs","Financials","0.4713675574046676","1.2081489806939683","1.9005091286804705","0.3143474352778137","-0.19422192574814812","0.005181650927337784","0.42320707480255343","1.303572496946293","ok","243","^AXJO","0.0435","2026-08-19T00:20:53.734601+00:00","2025-08-19","2026-08-19","1Y","[""top-picks-snapshot"",""1Y"",""^AXJO"",0.0435,1000,""2025-08-19"",""2026-08-19""]"
"GWW","W. W. Grainger","Industrials","0.3311020264328075","1.293577020601681","1.7855605005066835","0.23492405354079002","-0.13349190768347352","0.07094666856149924","0.31012291874212644","1.2595161884413089","ok","243","^AXJO","0.0435","2026-08-19T00:20:53.734601+00:00","2025-08-19","2026-08-19","1Y","[""top-picks-snapshot"",""1Y"",""^AXJO"",0.0435,1000,""2025-08-19"",""2026-08-19""]"
"GYG.AX","GUZMAN Y GOMEZ LTD","Consumer Discretionary","-0.14145985732154343","-0.5143005313333373","-0.11912520811960174","0.5497235907002515","-0.4705225000667729","1.3173323278295752","-0.2106248705353389","-0.44522811319100175","ok","250","^AXJO","0.0435","2026-08-19T00:20:53.734601+00:00","2025-08-19","2026-08-19","1Y","[""top-picks-snapshot"",""1Y"",""^AXJO"",0.0435,1000,""2025-08-19"",""2026-08-19""]"
"HAL","Halliburton","Energy","0.6799692033445508","1.5563689798853808","2.4401922782182277","0.36325998575924123","-0.27122638650458764","-0.18372920465038806","0.550072865711612","1.4507611988720321","ok","243","^AXJO","0.0435","2026-08-19T00:20:53.734601+00:00","2025-08-19","2026-08-19","1Y","[""top-picks-snapshot"",""1Y"",""^AXJO"",0.0435,1000,""2025-08-19"",""2026-08-19""]"
"HAS","Hasbro","Consumer Discretionary","0.21360545169292622","0.8826833997061955","1.021599373139262","0.30741870303455826","-0.2730923935531697","0.2504957439057135","0.2833325910323984","0.9227529650853146","ok","243","^AXJO","0.0435","2026-08-19T00:20:53.734601+00:00","2025-08-19","2026-08-19","1Y","[""top-picks-snapshot"",""1Y"",""^AXJO"",0.0435,1000,""2025-08-19"",""2026-08-19""]"
"HBAN","Huntington Bancshares","Financials","0.10242318338638912","0.24636291981687733","0.4614577051599603","0.2651872943056446","-0.21262001131179953","-0.12738231580471135","0.06361889982364158","0.29673034052903585","ok","243","^AXJO","0.0435","2026-08-19T00:20:53.734601+00:00","2025-08-19","2026-08-19","1Y","[""top-picks-snapshot"",""1Y"",""^AXJO"",0.0435,1000,""2025-08-19"",""2026-08-19""]"
"HCA","HCA Healthcare","Health Care","0.029386442581031735","0.14730855718412447","0.14507003964611206","0.3019740334416754","-0.33619969513411163","0.08803282367642774","-0.09652043449018353","-0.23573325319621266","ok","243","^AXJO","0.0435","2026-08-19T00:20:53.734601+00:00","2025-08-19","2026-08-19","1Y","[""top-picks-snapshot"",""1Y"",""^AXJO"",0.0435,1000,""2025-08-19"",""2026-08-19""]"
"HD","Home Depot (The)","Consumer Discretionary","-0.14915764554831346","-0.36830629982627355","-0.9986461916675708","0.25265234340893583","-0.28809189841203975","0.2867341593364483","-0.10549269156482852","-0.3335003946576993","ok","243","^AXJO","0.0435","2026-08-19T00:20:53.734601+00:00","2025-08-19","2026-08-19","1Y","[""top-picks-snapshot"",""1Y"",""^AXJO"",0.0435,1000,""2025-08-19"",""2026-08-19""]"
"HDN.AX","HOMECO DAILY NEEDS REIT","Real Estate","-0.05419896920864131","-0.49732897061566134","-0.5944150455805115","0.17764189267161096","-0.15002048057527662","0.4730070882085384","-0.08041472318822193","-0.3407557704264839","ok","249","^AXJO","0.0435","2026-08-19T00:20:53.734601+00:00","2025-08-19","2026-08-19","1Y","[""top-picks-snapshot"",""1Y"",""^AXJO"",0.0435,1000,""2025-08-19"",""2026-08-19""]"
"HIG","Hartford (The)","Financials","0.07267018684159421","0.18596184349036698","0.3409226471759886","0.19240631805778255","-0.11461976221883885","-0.21719912197406102","0.03784390033441934","0.27517213230120086","ok","243","^AXJO","0.0435","2026-08-19T00:20:53.734601+00:00","2025-08-19","2026-08-19","1Y","[""top-picks-snapshot"",""1Y"",""^AXJO"",0.0435,1000,""2025-08-19"",""2026-08-19""]"
"HII","Huntington Ingalls Industries","Industrials","0.21693121445653074","0.7276152572473793","0.8935977739751181","0.3804539682216917","-0.4051070506009672","-0.09266572979627954","0.2782926356770798","0.7405425106098084","ok","243","^AXJO","0.0435","2026-08-19T00:20:53.734601+00:00","2025-08-19","2026-08-19","1Y","[""top-picks-snapshot"",""1Y"",""^AXJO"",0.0435,1000,""2025-08-19"",""2026-08-19""]"
"HLI.AX","HELIA GROUP LTD","Financials","0.24935100052655113","0.6453320865673213","1.0821351366462422","0.3563496247425494","-0.1687966259532474","0.4759357150950104","0.24170020685197993","0.7332151721257378","ok","250","^AXJO","0.0435","2026-08-19T00:20:53.734601+00:00","2025-08-19","2026-08-19","1Y","[""top-picks-snapshot"",""1Y"",""^AXJO"",0.0435,1000,""2025-08-19"",""2026-08-19""]"
"HLT","Hilton Worldwide","Consumer Discretionary","0.2085959282385954","0.9173895930361691","1.1381591575182122","0.23629929549823053","-0.11198675428016835","-0.017412288649703723","0.2422109099783295","0.9851669469607096","ok","243","^AXJO","0.0435","2026-08-19T00:20:53.734601+00:00","2025-08-19","2026-08-19","1Y","[""top-picks-snapshot"",""1Y"",""^AXJO"",0.0435,1000,""2025-08-19"",""2026-08-19""]"
"HMC.AX","HMC CAPITAL LTD","Real Estate","-0.0470955294359271","0.2228775293251412","0.209116777128344","0.5829771266620135","-0.4955156921252728","1.5247967736919348","0.19237531726202758","0.3112602281892865","ok","249","^AXJO","0.0435","2026-08-19T00:20:53.734601+00:00","2025-08-19","2026-08-19","1Y","[""top-picks-snapshot"",""1Y"",""^AXJO"",0.0435,1000,""2025-08-19"",""2026-08-19""]"
"HON","Honeywell Technologies","Industrials","0.08368933577203075","0.2568136526392052","0.4020048421903746","0.26816624729757027","-0.165411075960487","0.2506970655475862","0.10723453973276614","0.4356627483265806","ok","243","^AXJO","0.0435","2026-08-19T00:20:53.734601+00:00","2025-08-19","2026-08-19","1Y","[""top-picks-snapshot"",""1Y"",""^AXJO"",0.0435,1000,""2025-08-19"",""2026-08-19""]"
"HONA","Honeywell Aerospace","Industrials",,,,,,,,,"limited_data","42","^AXJO","0.0435","2026-08-19T00:20:53.734601+00:00","2025-08-19","2026-08-19","1Y","[""top-picks-snapshot"",""1Y"",""^AXJO"",0.0435,1000,""2025-08-19"",""2026-08-19""]"
"HOOD","Robinhood Markets","Financials","-0.1485581508902616","0.1090801192180118","0.07794881140067318","0.699943655291494","-0.5726092037736827","0.21994681420902043","0.1552560096720621","0.24053751031817155","ok","243","^AXJO","0.0435","2026-08-19T00:20:53.734601+00:00","2025-08-19","2026-08-19","1Y","[""top-picks-snapshot"",""1Y"",""^AXJO"",0.0435,1000,""2025-08-19"",""2026-08-19""]"
"HPE","Hewlett Packard Enterprise","Information Technology","1.6640112561910283","2.0701574387048383","3.483456798529863","0.5266397232801774","-0.2635685598837375","0.08297982102386418","1.170344748197922","2.1806410190614764","ok","243","^AXJO","0.0435","2026-08-19T00:20:53.734601+00:00","2025-08-19","2026-08-19","1Y","[""top-picks-snapshot"",""1Y"",""^AXJO"",0.0435,1000,""2025-08-19"",""2026-08-19""]"
"HPQ","HP Inc.","Information Technology","0.16656506908932323","0.5705396796341007","0.7694857689187706","0.4339504236853299","-0.36620531231038844","0.08775364059230707","0.341082920119758","0.8000203281769666","ok","243","^AXJO","0.0435","2026-08-19T00:20:53.734601+00:00","2025-08-19","2026-08-19","1Y","[""top-picks-snapshot"",""1Y"",""^AXJO"",0.0435,1000,""2025-08-19"",""2026-08-19""]"
"HRL","Hormel Foods","Consumer Staples","-0.09830474222783103","-0.11649412107848797","-0.4505995245104672","0.30494302318227606","-0.298131971016685","-0.05095430060094573","-0.05408131611223692","-0.08589957838497166","ok","243","^AXJO","0.0435","2026-08-19T00:20:53.734601+00:00","2025-08-19","2026-08-19","1Y","[""top-picks-snapshot"",""1Y"",""^AXJO"",0.0435,1000,""2025-08-19"",""2026-08-19""]"
"HSIC","Henry Schein","Health Care","0.30625101077474715","1.3650103461820908","1.5992314720716427","0.2604200247926974","-0.17228555336818785","-0.07333837542254781","0.3393068756529207","1.2369357460895511","ok","243","^AXJO","0.0435","2026-08-19T00:20:53.734601+00:00","2025-08-19","2026-08-19","1Y","[""top-picks-snapshot"",""1Y"",""^AXJO"",0.0435,1000,""2025-08-19"",""2026-08-19""]"
"HST","Host Hotels & Resorts","Real Estate","0.5378923532521298","1.7102774311419586","2.6146912203406747","0.2506347463637313","-0.12725136583781893","0.03419712905388836","0.466761639892738","1.7376717222390379","ok","243","^AXJO","0.0435","2026-08-19T00:20:53.734601+00:00","2025-08-19","2026-08-19","1Y","[""top-picks-snapshot"",""1Y"",""^AXJO"",0.0435,1000,""2025-08-19"",""2026-08-19""]"
"HSY","Hershey Company (The)","Consumer Staples","0.04542801615631098","0.32223821951898896","0.20432855988004078","0.2725246313159154","-0.2738317649740192","-0.0697426156149274","0.1453412463972945","0.5626662042805861","ok","243","^AXJO","0.0435","2026-08-19T00:20:53.734601+00:00","2025-08-19","2026-08-19","1Y","[""top-picks-snapshot"",""1Y"",""^AXJO"",0.0435,1000,""2025-08-19"",""2026-08-19""]"
"HUB.AX","HUB24 LTD","Financials","-0.2648947634281865","-0.5381544146018197","-0.6918673439347227","0.4782540488563737","-0.40798681425406336","2.021461867679663","-0.11235874302948438","-0.35192501586010966","ok","249","^AXJO","0.0435","2026-08-19T00:20:53.734601+00:00","2025-08-19","2026-08-19","1Y","[""top-picks-snapshot"",""1Y"",""^AXJO"",0.0435,1000,""2025-08-19"",""2026-08-19""]"
"HUBB","Hubbell Incorporated","Industrials","0.13144441040503962","0.33737184281066507","0.5761673049900519","0.31871475252241416","-0.17364876039089028","0.1538041231556343","0.14272404953610343","0.4822335908777587","ok","243","^AXJO","0.0435","2026-08-19T00:20:53.734601+00:00","2025-08-19","2026-08-19","1Y","[""top-picks-snapshot"",""1Y"",""^AXJO"",0.0435,1000,""2025-08-19"",""2026-08-19""]"
"HUM","Humana","Health Care","0.34436097945413735","0.8399615839294622","1.057825516373762","0.48731727497733157","-0.4717824415547509","-0.019785524749254175","0.5221242522363414","1.1894877781897322","ok","243","^AXJO","0.0435","2026-08-19T00:20:53.734601+00:00","2025-08-19","2026-08-19","1Y","[""top-picks-snapshot"",""1Y"",""^AXJO"",0.0435,1000,""2025-08-19"",""2026-08-19""]"
"HVN.AX","HARVEY NORMAN HOLDINGS LTD","Consumer Discretionary","-0.18925096832118338","-0.8682030198172934","-1.087976724776496","0.27966378846982876","-0.4100903047339176","0.7365409016327783","-0.2261732600562873","-0.8104521110567503","ok","249","^AXJO","0.0435","2026-08-19T00:20:53.734601+00:00","2025-08-19","2026-08-19","1Y","[""top-picks-snapshot"",""1Y"",""^AXJO"",0.0435,1000,""2025-08-19"",""2026-08-19""]"
"HWM","Howmet Aerospace","Industrials","0.7059877433591479","1.671083923350524","2.946300000848982","0.30657085151972663","-0.15887736324825275","0.2949172790947942","0.5018544875354244","1.6235562633342973","ok","243","^AXJO","0.0435","2026-08-19T00:20:53.734601+00:00","2025-08-19","2026-08-19","1Y","[""top-picks-snapshot"",""1Y"",""^AXJO"",0.0435,1000,""2025-08-19"",""2026-08-19""]"
"IAG.AX","INSURANCE AUSTRALIA GROUP LTD","Financials","-0.05643633933791803","-0.32566117855940796","-0.3436720420402533","0.2579927604757797","-0.26448026370894506","0.30669276577523846","-0.06729131247313722","-0.15626995468007976","ok","249","^AXJO","0.0435","2026-08-19T00:20:53.734601+00:00","2025-08-19","2026-08-19","1Y","[""top-picks-snapshot"",""1Y"",""^AXJO"",0.0435,1000,""2025-08-19"",""2026-08-19""]"
"IBKR","Interactive Brokers","Financials","0.45772821751931936","0.9006571315493619","1.610716722301138","0.3874448809885027","-0.18696245942747414","0.27215226945840304","0.42122738676816296","1.104611459319378","ok","243","^AXJO","0.0435","2026-08-19T00:20:53.734601+00:00","2025-08-19","2026-08-19","1Y","[""top-picks-snapshot"",""1Y"",""^AXJO"",0.0435,1000,""2025-08-19"",""2026-08-19""]"
"IBM","IBM","Information Technology","-0.010615521832333608","0.18679555768913533","0.18307950707743742","0.48377424753584364","-0.3749962073015677","0.1918346679408521","0.11448650381863412","0.26559659983132583","ok","243","^AXJO","0.0435","2026-08-19T00:20:53.734601+00:00","2025-08-19","2026-08-19","1Y","[""top-picks-snapshot"",""1Y"",""^AXJO"",0.0435,1000,""2025-08-19"",""2026-08-19""]"
"ICE","Intercontinental Exchange","Financials","-0.11271452741228993","-0.41866125746322913","-0.7109991320058694","0.2460562171508988","-0.31339706087302666","-0.2489474493953455","-0.15869022528446408","-0.44193751607847953","ok","243","^AXJO","0.0435","2026-08-19T00:20:53.734601+00:00","2025-08-19","2026-08-19","1Y","[""top-picks-snapshot"",""1Y"",""^AXJO"",0.0435,1000,""2025-08-19"",""2026-08-19""]"
"IDXX","Idexx Laboratories","Health Care","-0.1309701618800948","-0.16503721163242563","-0.6344883373922706","0.3190502745127959","-0.31335106241121036","0.1296949669762534","-0.10722569801281129","-0.254065784626988","ok","243","^AXJO","0.0435","2026-08-19T00:20:53.734601+00:00","2025-08-19","2026-08-19","1Y","[""top-picks-snapshot"",""1Y"",""^AXJO"",0.0435,1000,""2025-08-19"",""2026-08-19""]"
"IEL.AX","IDP EDUCATION LTD","Consumer Discretionary","-0.5445785999676871","-1.015880913936122","-1.4681024562916563","0.6440355461027105","-0.6992241709757696","0.82878055803403","-0.6152609045880401","-0.9519739337538213","ok","249","^AXJO","0.0435","2026-08-19T00:20:53.734601+00:00","2025-08-19","2026-08-19","1Y","[""top-picks-snapshot"",""1Y"",""^AXJO"",0.0435,1000,""2025-08-19"",""2026-08-19""]"
"IEX","IDEX Corporation","Industrials","0.4324343648862783","1.6379884215000595","2.5096282146136724","0.22726353579925732","-0.14488766194057845","0.12883180179121054","0.383701707163322","1.5925537133056062","ok","243","^AXJO","0.0435","2026-08-19T00:20:53.734601+00:00","2025-08-19","2026-08-19","1Y","[""top-picks-snapshot"",""1Y"",""^AXJO"",0.0435,1000,""2025-08-19"",""2026-08-19""]"
"IFF","International Flavors & Fragrances","Materials","0.2602106034328553","0.8564515964886942","1.2195385683589064","0.357989531801416","-0.19260909332584764","0.2447854973965292","0.3225959588470911","0.908475729230811","ok","243","^AXJO","0.0435","2026-08-19T00:20:53.734601+00:00","2025-08-19","2026-08-19","1Y","[""top-picks-snapshot"",""1Y"",""^AXJO"",0.0435,1000,""2025-08-19"",""2026-08-19""]"
"IGO.AX","IGO LTD","Materials","0.4667896120586661","0.8432735053005215","1.2825191845499557","0.5506896344339248","-0.35094711842495974","1.4338326911613526","0.5459738945883781","1.0032633458107545","ok","249","^AXJO","0.0435","2026-08-19T00:20:53.734601+00:00","2025-08-19","2026-08-19","1Y","[""top-picks-snapshot"",""1Y"",""^AXJO"",0.0435,1000,""2025-08-19"",""2026-08-19""]"
"ILU.AX","ILUKA RESOURCES LTD","Materials","0.08433925956079946","0.43265813568443534","0.504200761092918","0.5876128744729524","-0.46767240155470235","1.8119736650645233","0.3337402844299136","0.5489637292921096","ok","249","^AXJO","0.0435","2026-08-19T00:20:53.734601+00:00","2025-08-19","2026-08-19","1Y","[""top-picks-snapshot"",""1Y"",""^AXJO"",0.0435,1000,""2025-08-19"",""2026-08-19""]"
"IMD.AX","IMDEX LTD","Materials","0.11079346748942642","0.2800820580677465","0.5012385027825216","0.43126221402035414","-0.23083522252779987","1.7767014622867687","0.1693243758578121","0.36603339007129054","ok","249","^AXJO","0.0435","2026-08-19T00:20:53.734601+00:00","2025-08-19","2026-08-19","1Y","[""top-picks-snapshot"",""1Y"",""^AXJO"",0.0435,1000,""2025-08-19"",""2026-08-19""]"
"INA.AX","INGENIA COMMUNITIES GROUP","Real Estate","-0.2546084588209421","-1.1998733235500194","-1.6295230069060505","0.2502008229485998","-0.3875264362153463","1.1060381824647307","-0.25487977447848753","-1.2219541295850112","ok","249","^AXJO","0.0435","2026-08-19T00:20:53.734601+00:00","2025-08-19","2026-08-19","1Y","[""top-picks-snapshot"",""1Y"",""^AXJO"",0.0435,1000,""2025-08-19"",""2026-08-19""]"
"INCY","Incyte","Health Care","0.4447695125606028","1.1563505444273405","1.842814823689052","0.3285218206566252","-0.18332275209380544","0.025660905056015152","0.40650281328165805","1.2236265099183823","ok","243","^AXJO","0.0435","2026-08-19T00:20:53.734601+00:00","2025-08-19","2026-08-19","1Y","[""top-picks-snapshot"",""1Y"",""^AXJO"",0.0435,1000,""2025-08-19"",""2026-08-19""]"
"ING.AX","INGHAMS GROUP LTD","Consumer Staples","-0.3234726817186341","-1.00891484875132","-1.2021757893048177","0.36427745166948755","-0.49752758693219634","0.4701217757912447","-0.37714280273355005","-0.97407299661477","ok","249","^AXJO","0.0435","2026-08-19T00:20:53.734601+00:00","2025-08-19","2026-08-19","1Y","[""top-picks-snapshot"",""1Y"",""^AXJO"",0.0435,1000,""2025-08-19"",""2026-08-19""]"
"INTC","Intel","Information Technology","2.8200315922050856","1.8110698255146278","3.613181677240985","0.7920995757302692","-0.41904359418853865","0.14480720936130934","1.4292612281493517","1.8092280439407402","ok","243","^AXJO","0.0435","2026-08-19T00:20:53.734601+00:00","2025-08-19","2026-08-19","1Y","[""top-picks-snapshot"",""1Y"",""^AXJO"",0.0435,1000,""2025-08-19"",""2026-08-19""]"
"INTU","Intuit","Information Technology","-0.4945344630901053","-0.9268743580741154","-1.5892196987524243","0.48131939417870123","-0.6342378393023733","-0.3295069575139481","-0.4391359795039333","-0.7985555272158606","ok","243","^AXJO","0.0435","2026-08-19T00:20:53.734601+00:00","2025-08-19","2026-08-19","1Y","[""top-picks-snapshot"",""1Y"",""^AXJO"",0.0435,1000,""2025-08-19"",""2026-08-19""]"
"INVH","Invitation Homes","Real Estate","0.017556392288433642","0.18684483971191587","-0.02438710652884486","0.2113886376829818","-0.20396666223414162","-0.14079198029294984","0.04356617505535463","0.27829109508110383","ok","243","^AXJO","0.0435","2026-08-19T00:20:53.734601+00:00","2025-08-19","2026-08-19","1Y","[""top-picks-snapshot"",""1Y"",""^AXJO"",0.0435,1000,""2025-08-19"",""2026-08-19""]"
"IP","International Paper","Materials","-0.11170462226577504","-0.09162543405181804","-0.22732582657189832","0.43201693534989594","-0.3967651202849293","0.4235804383360585","-0.025971836463976068","-0.02744082758185839","ok","243","^AXJO","0.0435","2026-08-19T00:20:53.734601+00:00","2025-08-19","2026-08-19","1Y","[""top-picks-snapshot"",""1Y"",""^AXJO"",0.0435,1000,""2025-08-19"",""2026-08-19""]"
"IPH.AX","IPH LTD","Industrials","-0.1827267186562328","-0.5881938916957531","-0.6247065187273986","0.3629011613274746","-0.38630829739011074","0.8707566417285812","-0.17425054225801634","-0.4847194204834655","ok","249","^AXJO","0.0435","2026-08-19T00:20:53.734601+00:00","2025-08-19","2026-08-19","1Y","[""top-picks-snapshot"",""1Y"",""^AXJO"",0.0435,1000,""2025-08-19"",""2026-08-19""]"
"IPX.AX","IPERIONX LTD","Unknown","-0.4850863374698645","-0.4445289966244543","-0.6166737674413301","0.8074467173682924","-0.6890110104315198","3.0014163736036696","-0.17860918148657778","-0.3297492573704876","ok","249","^AXJO","0.0435","2026-08-19T00:20:53.734601+00:00","2025-08-19","2026-08-19","1Y","[""top-picks-snapshot"",""1Y"",""^AXJO"",0.0435,1000,""2025-08-19"",""2026-08-19""]"
"IQV","IQVIA","Health Care","0.2478814201343027","0.9489791278149288","0.9696697126598752","0.4145515280730288","-0.35871297241956157","-0.09902190275033884","0.3834476132943596","0.9218412433771478","ok","243","^AXJO","0.0435","2026-08-19T00:20:53.734601+00:00","2025-08-19","2026-08-19","1Y","[""top-picks-snapshot"",""1Y"",""^AXJO"",0.0435,1000,""2025-08-19"",""2026-08-19""]"
"IR","Ingersoll Rand","Industrials","0.01265245837379081","0.14716530538036715","0.10612803084183191","0.32949413739999367","-0.30564815413240987","0.21758954369404943","0.05089673770738009","0.19981562238729234","ok","243","^AXJO","0.0435","2026-08-19T00:20:53.734601+00:00","2025-08-19","2026-08-19","1Y","[""top-picks-snapshot"",""1Y"",""^AXJO"",0.0435,1000,""2025-08-19"",""2026-08-19""]"
"IRE.AX","IRESS LTD","Information Technology","-0.2739856183137216","-0.9035165542146563","-1.2088385411609885","0.34440393991024637","-0.4049755375802101","0.9855305489860059","-0.1970896556193087","-0.6240173482722643","ok","250","^AXJO","0.0435","2026-08-19T00:20:53.734601+00:00","2025-08-19","2026-08-19","1Y","[""top-picks-snapshot"",""1Y"",""^AXJO"",0.0435,1000,""2025-08-19"",""2026-08-19""]"
"IRM","Iron Mountain","Real Estate","0.4306029743262667","1.2851101606871989","1.6917087077684851","0.328808756886795","-0.25149333736138413","-0.17992491240943612","0.4392820591679039","1.2949845405477063","ok","243","^AXJO","0.0435","2026-08-19T00:20:53.734601+00:00","2025-08-19","2026-08-19","1Y","[""top-picks-snapshot"",""1Y"",""^AXJO"",0.0435,1000,""2025-08-19"",""2026-08-19""]"
"ISRG","Intuitive Surgical","Health Care","-0.18368117130435768","-0.48014598377177997","-0.6910784332716836","0.3677606445052285","-0.4399595130529892","-0.005605780363579013","-0.19904343553858228","-0.4393013755007824","ok","243","^AXJO","0.0435","2026-08-19T00:20:53.734601+00:00","2025-08-19","2026-08-19","1Y","[""top-picks-snapshot"",""1Y"",""^AXJO"",0.0435,1000,""2025-08-19"",""2026-08-19""]"
"IT","Gartner","Information Technology","-0.2503705382743797","-0.18697305848623996","-0.4835150286453019","0.5456339247311182","-0.5239122833109209","-0.041965451967360116","-0.02929693192970388","-0.007586474415126734","ok","243","^AXJO","0.0435","2026-08-19T00:20:53.734601+00:00","2025-08-19","2026-08-19","1Y","[""top-picks-snapshot"",""1Y"",""^AXJO"",0.0435,1000,""2025-08-19"",""2026-08-19""]"
"ITW","Illinois Tool Works","Industrials","0.10576064306617239","0.6165300151193307","0.5687288875311176","0.21533025989541205","-0.17435062062268725","0.18816590986206153","0.13078366151939516","0.6278849358110427","ok","243","^AXJO","0.0435","2026-08-19T00:20:53.734601+00:00","2025-08-19","2026-08-19","1Y","[""top-picks-snapshot"",""1Y"",""^AXJO"",0.0435,1000,""2025-08-19"",""2026-08-19""]"
"IVZ","Invesco","Financials","0.6038878898969715","1.489122514811489","2.126833933189811","0.33783901518600534","-0.22032018960220012","-0.012881197493021556","0.6267460557714706","1.8355876724807532","ok","243","^AXJO","0.0435","2026-08-19T00:20:53.734601+00:00","2025-08-19","2026-08-19","1Y","[""top-picks-snapshot"",""1Y"",""^AXJO"",0.0435,1000,""2025-08-19"",""2026-08-19""]"
"J","Jacobs Solutions","Industrials","-0.023117208848178583","0.006289533472288275","-0.05247098499630559","0.3279857434277822","-0.34439545602699106","0.006787767288397477","0.0056305901142659695","0.08316759377229324","ok","243","^AXJO","0.0435","2026-08-19T00:20:53.734601+00:00","2025-08-19","2026-08-19","1Y","[""top-picks-snapshot"",""1Y"",""^AXJO"",0.0435,1000,""2025-08-19"",""2026-08-19""]"
"JBH.AX","JB HI-FI LTD","Consumer Discretionary","-0.36601953230319484","-1.5186358310550538","-1.894711918332514","0.31035707720457084","-0.41120737520707396","0.7916792549911021","-0.4531416511031906","-1.4957113245178588","ok","249","^AXJO","0.0435","2026-08-19T00:20:53.734601+00:00","2025-08-19","2026-08-19","1Y","[""top-picks-snapshot"",""1Y"",""^AXJO"",0.0435,1000,""2025-08-19"",""2026-08-19""]"
"JBHT","J.B. Hunt","Industrials","0.8775667063091777","1.7064654009216333","3.291468886313192","0.38871838538056036","-0.15869230867006467","-0.016072994549840867","0.731674476143096","1.8162754415530715","ok","243","^AXJO","0.0435","2026-08-19T00:20:53.734601+00:00","2025-08-19","2026-08-19","1Y","[""top-picks-snapshot"",""1Y"",""^AXJO"",0.0435,1000,""2025-08-19"",""2026-08-19""]"
"JBL","Jabil","Information Technology","0.6448834265827772","1.158138207803365","1.7835438070095273","0.45695419166082046","-0.2554001656219125","0.3418499908427199","0.61060287550527","1.349971508829493","ok","243","^AXJO","0.0435","2026-08-19T00:20:53.734601+00:00","2025-08-19","2026-08-19","1Y","[""top-picks-snapshot"",""1Y"",""^AXJO"",0.0435,1000,""2025-08-19"",""2026-08-19""]"
"JCI","Johnson Controls","Industrials","0.4404597640048644","1.0610788044428743","1.8914864225610604","0.2938468417884246","-0.12711262972644133","0.28580583068519794","0.2974296446898021","1.017761422681956","ok","243","^AXJO","0.0435","2026-08-19T00:20:53.734601+00:00","2025-08-19","2026-08-19","1Y","[""top-picks-snapshot"",""1Y"",""^AXJO"",0.0435,1000,""2025-08-19"",""2026-08-19""]"
"JDO.AX","JUDO CAPITAL HOLDINGS LTD","Financials","-0.3903133587696297","-0.6382702713114814","-0.7223116539404782","0.5714077376958626","-0.540469967226471","1.691139250407031","-0.4799542489072167","-0.9770048676329395","ok","249","^AXJO","0.0435","2026-08-19T00:20:53.734601+00:00","2025-08-19","2026-08-19","1Y","[""top-picks-snapshot"",""1Y"",""^AXJO"",0.0435,1000,""2025-08-19"",""2026-08-19""]"
"JHX.AX","JAMES HARDIE INDUSTRIES PLC","Materials","-0.07171854520145238","0.1369050839038916","0.07786753390355752","0.5304968983384764","-0.4264772165614986","1.5200748335157064","0.18956184772119036","0.3390208327573609","ok","250","^AXJO","0.0435","2026-08-19T00:20:53.734601+00:00","2025-08-19","2026-08-19","1Y","[""top-picks-snapshot"",""1Y"",""^AXJO"",0.0435,1000,""2025-08-19"",""2026-08-19""]"
"JKHY","Jack Henry & Associates","Financials","-0.0323105363295606","0.09948959310460315","-0.19097730743567637","0.2735612791463187","-0.3539700184756782","-0.023963146105355288","0.05180910650458908","0.2513031760472813","ok","243","^AXJO","0.0435","2026-08-19T00:20:53.734601+00:00","2025-08-19","2026-08-19","1Y","[""top-picks-snapshot"",""1Y"",""^AXJO"",0.0435,1000,""2025-08-19"",""2026-08-19""]"
"JNJ","Johnson & Johnson","Health Care","0.5629018812301239","2.4228596283370183","3.726182910549186","0.1857333203769732","-0.10959121305424313","0.026577990630378686","0.41726773330760353","1.9914236479747451","ok","243","^AXJO","0.0435","2026-08-19T00:20:53.734601+00:00","2025-08-19","2026-08-19","1Y","[""top-picks-snapshot"",""1Y"",""^AXJO"",0.0435,1000,""2025-08-19"",""2026-08-19""]"
"JPM","JPMorgan Chase","Financials","0.2736503751514088","0.909701690102522","1.4189180089062428","0.22273860341767557","-0.154717373788531","0.06623433139741147","0.19680999162885193","0.8681491912638527","ok","243","^AXJO","0.0435","2026-08-19T00:20:53.734601+00:00","2025-08-19","2026-08-19","1Y","[""top-picks-snapshot"",""1Y"",""^AXJO"",0.0435,1000,""2025-08-19"",""2026-08-19""]"
"KAR.AX","KAROON ENERGY LTD","Energy","0.014438084723129574","0.18954398183741578","0.3260537979167224","0.5539211086446907","-0.43750000665230404","-0.9327286607670169","0.046505114871000924","0.19509964491465914","ok","249","^AXJO","0.0435","2026-08-19T00:20:53.734601+00:00","2025-08-19","2026-08-19","1Y","[""top-picks-snapshot"",""1Y"",""^AXJO"",0.0435,1000,""2025-08-19"",""2026-08-19""]"
"KDP","Keurig Dr Pepper","Consumer Staples","-0.09532444253951633","-0.24309032820310222","-0.4353504058385556","0.3028943877116428","-0.2747723189081165","0.10859511942062368","-0.12985350408914012","-0.33436714236855514","ok","243","^AXJO","0.0435","2026-08-19T00:20:53.734601+00:00","2025-08-19","2026-08-19","1Y","[""top-picks-snapshot"",""1Y"",""^AXJO"",0.0435,1000,""2025-08-19"",""2026-08-19""]"
"KEY","KeyCorp","Financials","0.3087554837604456","1.0136704127697616","1.542960361562082","0.235388441335378","-0.17763334454759672","-0.10432916092024302","0.22643842223190203","0.9135007149758552","ok","243","^AXJO","0.0435","2026-08-19T00:20:53.734601+00:00","2025-08-19","2026-08-19","1Y","[""top-picks-snapshot"",""1Y"",""^AXJO"",0.0435,1000,""2025-08-19"",""2026-08-19""]"
"KEYS","Keysight Technologies","Information Technology","1.0858821195978092","1.6712211135189103","3.1329300261107416","0.4351342624689359","-0.20522846699725883","0.16674687606203767","0.756355315419548","1.7085378603658266","ok","243","^AXJO","0.0435","2026-08-19T00:20:53.734601+00:00","2025-08-19","2026-08-19","1Y","[""top-picks-snapshot"",""1Y"",""^AXJO"",0.0435,1000,""2025-08-19"",""2026-08-19""]"
"KHC","Kraft Heinz","Consumer Staples","-0.04282117054816037","0.3723448878327386","-0.24006157883822446","0.27622090219500806","-0.21672009997005914","-0.1377321051222204","0.004479330544853999","0.10636925552828982","ok","243","^AXJO","0.0435","2026-08-19T00:20:53.734601+00:00","2025-08-19","2026-08-19","1Y","[""top-picks-snapshot"",""1Y"",""^AXJO"",0.0435,1000,""2025-08-19"",""2026-08-19""]"
"KIM","Kimco Realty","Real Estate","0.16854286514367733","0.5970606113023901","1.087386536815998","0.18056239856980769","-0.12697703066667798","-0.1551203059632279","0.07329086977488213","0.44196526493694493","ok","243","^AXJO","0.0435","2026-08-19T00:20:53.734601+00:00","2025-08-19","2026-08-19","1Y","[""top-picks-snapshot"",""1Y"",""^AXJO"",0.0435,1000,""2025-08-19"",""2026-08-19""]"
"KKR","KKR & Co.","Financials","-0.2229792195064757","-0.5465233379389226","-0.7739955391194967","0.38688654877002754","-0.4364360467689167","-0.19343623002640445","-0.16975498367395125","-0.3386285140132345","ok","243","^AXJO","0.0435","2026-08-19T00:20:53.734601+00:00","2025-08-19","2026-08-19","1Y","[""top-picks-snapshot"",""1Y"",""^AXJO"",0.0435,1000,""2025-08-19"",""2026-08-19""]"
"KLAC","KLA Corporation","Information Technology","1.2354215467849574","1.5805180749552143","2.3311571222779044","0.5969645053719556","-0.4359152270352884","0.3380010003788944","0.8505373345302234","1.4427461349187494","ok","243","^AXJO","0.0435","2026-08-19T00:20:53.734601+00:00","2025-08-19","2026-08-19","1Y","[""top-picks-snapshot"",""1Y"",""^AXJO"",0.0435,1000,""2025-08-19"",""2026-08-19""]"
"KMB","Kimberly-Clark","Consumer Staples","-0.15010112171119683","-0.5217170515320709","-0.7733071238497469","0.27268850712551645","-0.2787226910867786","0.22024261151705735","-0.10456790248392878","-0.29720779426735877","ok","243","^AXJO","0.0435","2026-08-19T00:20:53.734601+00:00","2025-08-19","2026-08-19","1Y","[""top-picks-snapshot"",""1Y"",""^AXJO"",0.0435,1000,""2025-08-19"",""2026-08-19""]"
"KMI","Kinder Morgan","Energy","0.29512808494210296","1.3383384856587872","1.7129233807250857","0.1993703314661931","-0.1008452484611213","-0.12873073483938802","0.24809660176077097","1.127783672957979","ok","243","^AXJO","0.0435","2026-08-19T00:20:53.734601+00:00","2025-08-19","2026-08-19","1Y","[""top-picks-snapshot"",""1Y"",""^AXJO"",0.0435,1000,""2025-08-19"",""2026-08-19""]"
"KO","Coca-Cola Company (The)","Consumer Staples","0.3023734853039326","1.2790175358365572","2.166508718212179","0.18617918838392306","-0.07867633306629684","0.06837795456599279","0.20363625417761633","1.031449315081053","ok","243","^AXJO","0.0435","2026-08-19T00:20:53.734601+00:00","2025-08-19","2026-08-19","1Y","[""top-picks-snapshot"",""1Y"",""^AXJO"",0.0435,1000,""2025-08-19"",""2026-08-19""]"
"KR","Kroger","Consumer Staples","-0.18527895708243103","-0.5385772730073173","-1.0150159544377264","0.28075542397955994","-0.26160675689258284","-0.20792023855886627","-0.12059253120105291","-0.28629907177569336","ok","243","^AXJO","0.0435","2026-08-19T00:20:53.734601+00:00","2025-08-19","2026-08-19","1Y","[""top-picks-snapshot"",""1Y"",""^AXJO"",0.0435,1000,""2025-08-19"",""2026-08-19""]"
"KVUE","Kenvue","Consumer Staples","-0.08307675935082981","-0.20350930079810237","-0.32558491168481873","0.3240133758432154","-0.34766528914735184","0.06267852243088391","-0.03451655913181961","-0.03449531596347909","ok","243","^AXJO","0.0435","2026-08-19T00:20:53.734601+00:00","2025-08-19","2026-08-19","1Y","[""top-picks-snapshot"",""1Y"",""^AXJO"",0.0435,1000,""2025-08-19"",""2026-08-19""]"
"L","Loews Corporation","Financials","0.17477428965193575","0.7632007285143196","1.130878774336162","0.16163818116161638","-0.07992329454901315","-0.09383210050305","0.137828955530655","0.7693995974192623","ok","243","^AXJO","0.0435","2026-08-19T00:20:53.734601+00:00","2025-08-19","2026-08-19","1Y","[""top-picks-snapshot"",""1Y"",""^AXJO"",0.0435,1000,""2025-08-19"",""2026-08-19""]"
"LDOS","Leidos","Industrials","-0.18883786772761546","-0.2856740537924461","-0.8019305213322884","0.3351379135143238","-0.4947102479077846","-0.08336539357801356","-0.06963133956992601","-0.12172855248072209","ok","243","^AXJO","0.0435","2026-08-19T00:20:53.734601+00:00","2025-08-19","2026-08-19","1Y","[""top-picks-snapshot"",""1Y"",""^AXJO"",0.0435,1000,""2025-08-19"",""2026-08-19""]"
"LEN","Lennar","Consumer Discretionary","-0.354559955438819","-0.9532746237605019","-1.565170865459255","0.3721117633401884","-0.41390795837659355","0.009259524887982614","-0.3353737381506382","-0.7820144391588765","ok","243","^AXJO","0.0435","2026-08-19T00:20:53.734601+00:00","2025-08-19","2026-08-19","1Y","[""top-picks-snapshot"",""1Y"",""^AXJO"",0.0435,1000,""2025-08-19"",""2026-08-19""]"
"LH","Labcorp","Health Care","0.18062834397579164","0.9041901958790521","0.9358880210320748","0.23238651353788103","-0.1522359242492679","0.12367881823019274","0.2089162016866955","0.8931431141963226","ok","243","^AXJO","0.0435","2026-08-19T00:20:53.734601+00:00","2025-08-19","2026-08-19","1Y","[""top-picks-snapshot"",""1Y"",""^AXJO"",0.0435,1000,""2025-08-19"",""2026-08-19""]"
"LHX","L3Harris","Industrials","0.04349891001817241","0.28171699043405335","0.19428920958778662","0.284400304271737","-0.27617694923890534","0.15460743326134388","0.07926890111772508","0.32408035183486683","ok","243","^AXJO","0.0435","2026-08-19T00:20:53.734601+00:00","2025-08-19","2026-08-19","1Y","[""top-picks-snapshot"",""1Y"",""^AXJO"",0.0435,1000,""2025-08-19"",""2026-08-19""]"
"LII","Lennox International","Industrials","-0.32291287764311727","-0.8174016671182067","-1.0253527447031725","0.4141839874869865","-0.32291287764311727","0.1712162760093282","-0.34325684931241013","-0.7470568888805889","ok","243","^AXJO","0.0435","2026-08-19T00:20:53.734601+00:00","2025-08-19","2026-08-19","1Y","[""top-picks-snapshot"",""1Y"",""^AXJO"",0.0435,1000,""2025-08-19"",""2026-08-19""]"
"LIN","Linde plc","Materials","0.01089511059509407","0.04192044680893286","-0.10336663914288886","0.19117091244971068","-0.1918483584544497","0.11218694109910929","-0.004292272820519222","0.07646831656390078","ok","243","^AXJO","0.0435","2026-08-19T00:20:53.734601+00:00","2025-08-19","2026-08-19","1Y","[""top-picks-snapshot"",""1Y"",""^AXJO"",0.0435,1000,""2025-08-19"",""2026-08-19""]"
"LITE","Lumentum","Information Technology","6.403441881456827","2.342847698645292","4.1639156475159025","0.9612054279436569","-0.42801660338988","0.2011365658956409","2.482768995778513","2.5952851910424704","ok","243","^AXJO","0.0435","2026-08-19T00:20:53.734601+00:00","2025-08-19","2026-08-19","1Y","[""top-picks-snapshot"",""1Y"",""^AXJO"",0.0435,1000,""2025-08-19"",""2026-08-19""]"
"LLC.AX","LENDLEASE CORP LTD","Real Estate","-0.47491561531762505","-1.9070734066579211","-2.470487346646007","0.32385795584594196","-0.5663865924796605","0.9038295768938049","-0.563805725298833","-1.8369941754293806","ok","249","^AXJO","0.0435","2026-08-19T00:20:53.734601+00:00","2025-08-19","2026-08-19","1Y","[""top-picks-snapshot"",""1Y"",""^AXJO"",0.0435,1000,""2025-08-19"",""2026-08-19""]"
"LLY","Lilly (Eli)","Health Care","0.754042755008326","1.7640856334453225","2.837454052193416","0.3580098707470881","-0.2318226469461353","0.007296371962638706","0.6413427326629604","1.7239638245291704","ok","243","^AXJO","0.0435","2026-08-19T00:20:53.734601+00:00","2025-08-19","2026-08-19","1Y","[""top-picks-snapshot"",""1Y"",""^AXJO"",0.0435,1000,""2025-08-19"",""2026-08-19""]"
"LMT","Lockheed Martin","Industrials","0.41361659267158046","1.4912555182648854","2.0038198845064987","0.27600525587747504","-0.2687179588673314","5.26099353128761E-05","0.3686752132087657","1.2926919612560661","ok","243","^AXJO","0.0435","2026-08-19T00:20:53.734601+00:00","2025-08-19","2026-08-19","1Y","[""top-picks-snapshot"",""1Y"",""^AXJO"",0.0435,1000,""2025-08-19"",""2026-08-19""]"
"LNT","Alliant Energy","Utilities","0.09294466856942196","0.5287664944229842","0.5107526692789126","0.16335643494138935","-0.11920175851856318","-0.03988788021455663","0.10145255966927136","0.6003056915675963","ok","243","^AXJO","0.0435","2026-08-19T00:20:53.734601+00:00","2025-08-19","2026-08-19","1Y","[""top-picks-snapshot"",""1Y"",""^AXJO"",0.0435,1000,""2025-08-19"",""2026-08-19""]"
"LNW.AX","LIGHT & WONDER INC","Consumer Discretionary","-0.030909090909090886","0.04168754389818647","0.09881551538312552","0.4597809551390619","-0.43747943198844175","1.0093523213072324","0.09018737175369718","0.20169278651028258","ok","249","^AXJO","0.0435","2026-08-19T00:20:53.734601+00:00","2025-08-19","2026-08-19","1Y","[""top-picks-snapshot"",""1Y"",""^AXJO"",0.0435,1000,""2025-08-19"",""2026-08-19""]"
"LOV.AX","LOVISA HOLDINGS LTD","Consumer Discretionary","-0.2964385474860335","-0.6698596956091175","-0.8465897122798014","0.46251795598456125","-0.5152702851741915","1.405161197091728","-0.24951739899006886","-0.6069365456271388","ok","249","^AXJO","0.0435","2026-08-19T00:20:53.734601+00:00","2025-08-19","2026-08-19","1Y","[""top-picks-snapshot"",""1Y"",""^AXJO"",0.0435,1000,""2025-08-19"",""2026-08-19""]"
"LOW","Lowe's","Consumer Discretionary","-0.14155862434181898","-0.17268568136427392","-0.8533668303024798","0.2710178630751569","-0.28966518519981765","0.14966710230033903","-0.07251590884736064","-0.18146398646418935","ok","243","^AXJO","0.0435","2026-08-19T00:20:53.734601+00:00","2025-08-19","2026-08-19","1Y","[""top-picks-snapshot"",""1Y"",""^AXJO"",0.0435,1000,""2025-08-19"",""2026-08-19""]"
"LRCX","Lam Research","Information Technology","2.286503196112822","2.0613100643599944","3.388090201516289","0.6352744551163891","-0.41764933440295926","0.1847928114394261","1.2202838418815778","1.9098360152312939","ok","243","^AXJO","0.0435","2026-08-19T00:20:53.734601+00:00","2025-08-19","2026-08-19","1Y","[""top-picks-snapshot"",""1Y"",""^AXJO"",0.0435,1000,""2025-08-19"",""2026-08-19""]"
"LTR.AX","LIONTOWN RESOURCES LTD","Materials","0.37714290618896484","0.7877078737940986","1.115473105340713","0.7914079434480406","-0.6344697214286728","1.9542540085694269","0.7748442998848214","0.9661888792568459","ok","249","^AXJO","0.0435","2026-08-19T00:20:53.734601+00:00","2025-08-19","2026-08-19","1Y","[""top-picks-snapshot"",""1Y"",""^AXJO"",0.0435,1000,""2025-08-19"",""2026-08-19""]"
"LULU","Lululemon Athletica","Consumer Discretionary","-0.39790549463070657","-0.7214166862448129","-1.2463109840421556","0.4501837050805338","-0.5116268393526904","0.3360128563839464","-0.39305956519030494","-0.826880566017131","ok","243","^AXJO","0.0435","2026-08-19T00:20:53.734601+00:00","2025-08-19","2026-08-19","1Y","[""top-picks-snapshot"",""1Y"",""^AXJO"",0.0435,1000,""2025-08-19"",""2026-08-19""]"
"LUV","Southwest Airlines","Industrials","0.3703163987464222","0.684516835610441","1.373138109478066","0.44345636189189896","-0.3349131279160348","0.15143452113744799","0.31109225381352984","0.722351459665943","ok","243","^AXJO","0.0435","2026-08-19T00:20:53.734601+00:00","2025-08-19","2026-08-19","1Y","[""top-picks-snapshot"",""1Y"",""^AXJO"",0.0435,1000,""2025-08-19"",""2026-08-19""]"
"LVS","Las Vegas Sands","Consumer Discretionary","-0.13330427305992687","-0.2672542662455046","-0.4829396583805721","0.3478845193325722","-0.3484595382457737","0.1416403924881474","-0.11345237929005482","-0.24933248078442252","ok","243","^AXJO","0.0435","2026-08-19T00:20:53.734601+00:00","2025-08-19","2026-08-19","1Y","[""top-picks-snapshot"",""1Y"",""^AXJO"",0.0435,1000,""2025-08-19"",""2026-08-19""]"
"LYB","LyondellBasell","Materials","0.30765017133357686","1.0206903545561072","1.117877712405476","0.4335688209591373","-0.35506141442491745","-0.5035231798445177","0.44342363023513465","1.0067482395441605","ok","243","^AXJO","0.0435","2026-08-19T00:20:53.734601+00:00","2025-08-19","2026-08-19","1Y","[""top-picks-snapshot"",""1Y"",""^AXJO"",0.0435,1000,""2025-08-19"",""2026-08-19""]"
"LYC.AX","LYNAS RARE EARTHS LTD","Materials","0.09343935276039739","0.47757723665143254","0.5378375498770556","0.5771827730464965","-0.4366913158872626","1.493132430171337","0.3372923585963654","0.5809122918221267","ok","249","^AXJO","0.0435","2026-08-19T00:20:53.734601+00:00","2025-08-19","2026-08-19","1Y","[""top-picks-snapshot"",""1Y"",""^AXJO"",0.0435,1000,""2025-08-19"",""2026-08-19""]"
"LYV","Live Nation Entertainment","Communication Services","0.10399019690676514","0.5109963055682658","0.48192763836325614","0.31226537798017673","-0.27835227868443746","0.3280957547176359","0.17468067536273604","0.5860126004226893","ok","243","^AXJO","0.0435","2026-08-19T00:20:53.734601+00:00","2025-08-19","2026-08-19","1Y","[""top-picks-snapshot"",""1Y"",""^AXJO"",0.0435,1000,""2025-08-19"",""2026-08-19""]"
"MA","Mastercard","Financials","-0.013016297013915157","0.03226387022496392","-0.199070598638387","0.22342476690914187","-0.20913850858238947","-0.022975422724995354","-0.022762226474913966","0.006693169938086975","ok","243","^AXJO","0.0435","2026-08-19T00:20:53.734601+00:00","2025-08-19","2026-08-19","1Y","[""top-picks-snapshot"",""1Y"",""^AXJO"",0.0435,1000,""2025-08-19"",""2026-08-19""]"
"MAA","Mid-America Apartment Communities","Real Estate","-0.04249208700922624","-0.004536628227875018","-0.5163895121378977","0.19075045821132908","-0.15418994523628693","-0.07906689328877375","-0.004264377515404462","0.09185651862573159","ok","243","^AXJO","0.0435","2026-08-19T00:20:53.734601+00:00","2025-08-19","2026-08-19","1Y","[""top-picks-snapshot"",""1Y"",""^AXJO"",0.0435,1000,""2025-08-19"",""2026-08-19""]"
"MAR","Marriott International","Consumer Discretionary","0.35126805125706473","1.2413819806010502","1.7283473894710413","0.2765321981496852","-0.14244545913624806","-0.044394871141990186","0.37366702476861313","1.3013629219693967","ok","243","^AXJO","0.0435","2026-08-19T00:20:53.734601+00:00","2025-08-19","2026-08-19","1Y","[""top-picks-snapshot"",""1Y"",""^AXJO"",0.0435,1000,""2025-08-19"",""2026-08-19""]"
"MAS","Masco","Industrials","-0.000825887104037748","0.19235011839266872","0.07533602236814059","0.3537641082609145","-0.24375659307550357","0.008252323267226329","0.06212207062337642","0.2271427386637932","ok","243","^AXJO","0.0435","2026-08-19T00:20:53.734601+00:00","2025-08-19","2026-08-19","1Y","[""top-picks-snapshot"",""1Y"",""^AXJO"",0.0435,1000,""2025-08-19"",""2026-08-19""]"
"MCD","McDonald's","Consumer Discretionary","-0.12048317526201846","-0.6024325818320639","-1.1709423638987595","0.18191133990290526","-0.21990158079127797","0.04406303322391543","-0.11800175079775305","-0.438924200788636","ok","243","^AXJO","0.0435","2026-08-19T00:20:53.734601+00:00","2025-08-19","2026-08-19","1Y","[""top-picks-snapshot"",""1Y"",""^AXJO"",0.0435,1000,""2025-08-19"",""2026-08-19""]"
"MCHP","Microchip Technology","Information Technology","0.24108980757060272","0.41385922421519444","0.9520868460356444","0.5008769046716326","-0.30513091828688854","0.3440638726305244","0.18945942394499793","0.39915764804971454","ok","243","^AXJO","0.0435","2026-08-19T00:20:53.734601+00:00","2025-08-19","2026-08-19","1Y","[""top-picks-snapshot"",""1Y"",""^AXJO"",0.0435,1000,""2025-08-19"",""2026-08-19""]"
"MCK","McKesson Corporation","Health Care","0.28938568485947624","0.9546556564828818","1.4006095357078336","0.3107138478842723","-0.2716909659046034","-0.10502809113807807","0.2961612349801628","0.9363868915714423","ok","243","^AXJO","0.0435","2026-08-19T00:20:53.734601+00:00","2025-08-19","2026-08-19","1Y","[""top-picks-snapshot"",""1Y"",""^AXJO"",0.0435,1000,""2025-08-19"",""2026-08-19""]"
"MCO","Moody's Corporation","Financials","-0.0429617192912356","0.005502208493382087","-0.23162906272868342","0.27961058240215897","-0.23605938643024993","0.1717494318380906","0.004614854076643957","0.08167151952713127","ok","243","^AXJO","0.0435","2026-08-19T00:20:53.734601+00:00","2025-08-19","2026-08-19","1Y","[""top-picks-snapshot"",""1Y"",""^AXJO"",0.0435,1000,""2025-08-19"",""2026-08-19""]"
"MDLZ","Mondelez International","Consumer Staples","0.0347374002992471","0.38349038727308954","0.11083029771772288","0.2321595848941237","-0.18616915759586894","-0.05436046832721004","0.04801345477389903","0.2765799326683174","ok","243","^AXJO","0.0435","2026-08-19T00:20:53.734601+00:00","2025-08-19","2026-08-19","1Y","[""top-picks-snapshot"",""1Y"",""^AXJO"",0.0435,1000,""2025-08-19"",""2026-08-19""]"
"MDT","Medtronic","Health Care","0.057667048184652625","0.2640935668989955","0.2615119174333223","0.23499876465369074","-0.2890474188893668","-0.06418539960553371","0.05178132538656923","0.2838272873463021","ok","243","^AXJO","0.0435","2026-08-19T00:20:53.734601+00:00","2025-08-19","2026-08-19","1Y","[""top-picks-snapshot"",""1Y"",""^AXJO"",0.0435,1000,""2025-08-19"",""2026-08-19""]"
"MET","MetLife","Financials","0.26386379461333","0.9140171530000056","1.3356002677500112","0.234803468248944","-0.1746138420722697","0.020643551840487818","0.2054976572869599","0.8548032104819377","ok","243","^AXJO","0.0435","2026-08-19T00:20:53.734601+00:00","2025-08-19","2026-08-19","1Y","[""top-picks-snapshot"",""1Y"",""^AXJO"",0.0435,1000,""2025-08-19"",""2026-08-19""]"
"META","Meta Platforms","Communication Services","-0.27416312514331376","-0.767257223883972","-1.027450443283252","0.38802457757639836","-0.32463365812905576","0.5940641477586437","-0.24169546639987105","-0.5944175357615746","ok","243","^AXJO","0.0435","2026-08-19T00:20:53.734601+00:00","2025-08-19","2026-08-19","1Y","[""top-picks-snapshot"",""1Y"",""^AXJO"",0.0435,1000,""2025-08-19"",""2026-08-19""]"
"MFG.AX","MAGELLAN FINANCIAL GROUP LTD","Financials","0.09963867971572671","0.3418130404537196","0.5483965151292276","0.46323641787773756","-0.2692641176617756","0.9588356384073801","0.19816039072674643","0.4426763306082779","ok","249","^AXJO","0.0435","2026-08-19T00:20:53.734601+00:00","2025-08-19","2026-08-19","1Y","[""top-picks-snapshot"",""1Y"",""^AXJO"",0.0435,1000,""2025-08-19"",""2026-08-19""]"
"MGM","MGM Resorts","Consumer Discretionary","0.180059950291511","0.6548491928897987","0.8631169907527504","0.3862300408848973","-0.22755848730805062","0.19768232549068518","0.26997045988455515","0.7129717954381414","ok","243","^AXJO","0.0435","2026-08-19T00:20:53.734601+00:00","2025-08-19","2026-08-19","1Y","[""top-picks-snapshot"",""1Y"",""^AXJO"",0.0435,1000,""2025-08-19"",""2026-08-19""]"
"MGR.AX","MIRVAC GROUP","Real Estate","-0.21136849562540694","-1.2142258735836562","-1.6294721244774755","0.21585123567583617","-0.32064048716199145","0.7664964269536545","-0.239538396784732","-1.167692343577476","ok","249","^AXJO","0.0435","2026-08-19T00:20:53.734601+00:00","2025-08-19","2026-08-19","1Y","[""top-picks-snapshot"",""1Y"",""^AXJO"",0.0435,1000,""2025-08-19"",""2026-08-19""]"
"MIN.AX","MINERAL RESOURCES LTD","Materials","0.7366300547302964","1.2684459872229545","2.0317712782482973","0.48377928787051433","-0.2911341675132937","1.60769309616382","0.7144656814073209","1.5456213283322158","ok","249","^AXJO","0.0435","2026-08-19T00:20:53.734601+00:00","2025-08-19","2026-08-19","1Y","[""top-picks-snapshot"",""1Y"",""^AXJO"",0.0435,1000,""2025-08-19"",""2026-08-19""]"
"MKC","McCormick & Company","Consumer Staples","-0.17355997816891489","-0.29436390578294275","-0.8394870818966425","0.30055849174771126","-0.3579000982791287","0.11629918848830041","-0.2510448238879418","-0.7258317432769962","ok","243","^AXJO","0.0435","2026-08-19T00:20:53.734601+00:00","2025-08-19","2026-08-19","1Y","[""top-picks-snapshot"",""1Y"",""^AXJO"",0.0435,1000,""2025-08-19"",""2026-08-19""]"
"MLM","Martin Marietta Materials","Materials","-0.1351734167454941","-0.5909991924789515","-0.7131256669164466","0.27904293245735956","-0.25971924756799514","0.10659693963323465","-0.11331849361771856","-0.3103712617257227","ok","243","^AXJO","0.0435","2026-08-19T00:20:53.734601+00:00","2025-08-19","2026-08-19","1Y","[""top-picks-snapshot"",""1Y"",""^AXJO"",0.0435,1000,""2025-08-19"",""2026-08-19""]"
"MMM","3M","Industrials","0.194276537214775","0.9959648331568491","1.0130009272038158","0.26474829208806266","-0.18771211987390668","0.2506011647660447","0.27245098583796123","1.060235730481628","ok","243","^AXJO","0.0435","2026-08-19T00:20:53.734601+00:00","2025-08-19","2026-08-19","1Y","[""top-picks-snapshot"",""1Y"",""^AXJO"",0.0435,1000,""2025-08-19"",""2026-08-19""]"
"MND.AX","MONADELPHOUS GROUP LTD","Industrials","0.536262318602446","1.2900234976392149","2.086747849189314","0.32650592882727636","-0.16245188648924502","1.1848176725285537","0.46727988081363053","1.569445180588354","ok","249","^AXJO","0.0435","2026-08-19T00:20:53.734601+00:00","2025-08-19","2026-08-19","1Y","[""top-picks-snapshot"",""1Y"",""^AXJO"",0.0435,1000,""2025-08-19"",""2026-08-19""]"
"MNST","Monster Beverage","Consumer Staples","-0.25957181082464287","1.1529020714308118","-0.2323493541174417","0.5660161760836668","-0.5445267225758619","0.017886825179663866","0.269112257672451","1.0060657498603698","ok","241","^AXJO","0.0435","2026-08-19T00:20:53.734601+00:00","2025-08-19","2026-08-19","1Y","[""top-picks-snapshot"",""1Y"",""^AXJO"",0.0435,1000,""2025-08-19"",""2026-08-19""]"
"MO","Altria","Consumer Staples","0.045851467050984196","0.315016940846751","0.17883412407910873","0.2554250593497984","-0.16396941288651679","-0.07061413897756859","0.04074270173001749","0.22727758365189255","ok","243","^AXJO","0.0435","2026-08-19T00:20:53.734601+00:00","2025-08-19","2026-08-19","1Y","[""top-picks-snapshot"",""1Y"",""^AXJO"",0.0435,1000,""2025-08-19"",""2026-08-19""]"
"MOS","Mosaic Company (The)","Materials","-0.32131458188808004","-0.7366151775486796","-1.0563328289366505","0.4383338263907968","-0.43291178311942213","0.5789151013693041","-0.2582378897916103","-0.5579513913064728","ok","243","^AXJO","0.0435","2026-08-19T00:20:53.734601+00:00","2025-08-19","2026-08-19","1Y","[""top-picks-snapshot"",""1Y"",""^AXJO"",0.0435,1000,""2025-08-19"",""2026-08-19""]"
"MP1.AX","MEGAPORT LTD","Information Technology","0.3801324255701426","0.6255824371281651","1.1613623547122423","0.6839962144007696","-0.6211179906818852","1.5872463341034384","0.5172331710137362","0.7470024590870353","ok","249","^AXJO","0.0435","2026-08-19T00:20:53.734601+00:00","2025-08-19","2026-08-19","1Y","[""top-picks-snapshot"",""1Y"",""^AXJO"",0.0435,1000,""2025-08-19"",""2026-08-19""]"
"MPC","Marathon Petroleum","Energy","1.2714265163230811","2.5269269447330784","3.9076692450712587","0.3422439199758131","-0.18328662749302893","-0.5655402461926623","0.9038422227190418","2.400094087159559","ok","243","^AXJO","0.0435","2026-08-19T00:20:53.734601+00:00","2025-08-19","2026-08-19","1Y","[""top-picks-snapshot"",""1Y"",""^AXJO"",0.0435,1000,""2025-08-19"",""2026-08-19""]"
"MPL.AX","MEDIBANK PVT LTD","Financials","0.00835218459802034","-0.13811388961813284","-0.11987701491158194","0.19330307694646365","-0.18897111957114243","0.28635183960373706","-0.010423628795165854","0.07264288223234315","ok","249","^AXJO","0.0435","2026-08-19T00:20:53.734601+00:00","2025-08-19","2026-08-19","1Y","[""top-picks-snapshot"",""1Y"",""^AXJO"",0.0435,1000,""2025-08-19"",""2026-08-19""]"
"MPWR","Monolithic Power Systems","Information Technology","0.5891438538671265","0.9576250249889259","1.5631398082180972","0.5342828174716914","-0.2599131212846776","0.1227482100383243","0.48918761715017556","0.9303998238017447","ok","243","^AXJO","0.0435","2026-08-19T00:20:53.734601+00:00","2025-08-19","2026-08-19","1Y","[""top-picks-snapshot"",""1Y"",""^AXJO"",0.0435,1000,""2025-08-19"",""2026-08-19""]"
"MQG.AX","MACQUARIE GROUP LTD","Financials","0.2048849391802925","0.4944260863361727","1.073188474401748","0.2377051909489228","-0.15900246100565452","1.2522216235123156","0.18282189161489715","0.9570634257067056","ok","249","^AXJO","0.0435","2026-08-19T00:20:53.734601+00:00","2025-08-19","2026-08-19","1Y","[""top-picks-snapshot"",""1Y"",""^AXJO"",0.0435,1000,""2025-08-19"",""2026-08-19""]"
"MRK","Merck & Co.","Health Care","0.6447544343009011","1.86808406048735","3.1189537079612637","0.2749248054110657","-0.11365485575233658","-0.1168166348712876","0.5663646512715877","1.897836736640196","ok","243","^AXJO","0.0435","2026-08-19T00:20:53.734601+00:00","2025-08-19","2026-08-19","1Y","[""top-picks-snapshot"",""1Y"",""^AXJO"",0.0435,1000,""2025-08-19"",""2026-08-19""]"
"MRNA","Moderna","Health Care","1.2558222654490798","1.394125339204056","2.4756401838864552","0.6949117392868226","-0.34156480927913413","-0.016095103602519503","1.135657196090499","1.6187663746850605","ok","243","^AXJO","0.0435","2026-08-19T00:20:53.734601+00:00","2025-08-19","2026-08-19","1Y","[""top-picks-snapshot"",""1Y"",""^AXJO"",0.0435,1000,""2025-08-19"",""2026-08-19""]"
"MRSH","Marsh McLennan","Financials","-0.09830033188960319","-0.27006953037532794","-0.6061583450735487","0.25994211297067926","-0.2441358766290378","-0.10510030584843932","-0.05258567487223681","-0.08794606274890622","ok","243","^AXJO","0.0435","2026-08-19T00:20:53.734601+00:00","2025-08-19","2026-08-19","1Y","[""top-picks-snapshot"",""1Y"",""^AXJO"",0.0435,1000,""2025-08-19"",""2026-08-19""]"
"MRVL","Marvell Technology","Information Technology","2.0034715724428183","1.6188386400254964","2.8299724118505036","0.7934658593859831","-0.48348670166302643","0.12822657477637694","1.3658939218531283","1.7131993709155036","ok","243","^AXJO","0.0435","2026-08-19T00:20:53.734601+00:00","2025-08-19","2026-08-19","1Y","[""top-picks-snapshot"",""1Y"",""^AXJO"",0.0435,1000,""2025-08-19"",""2026-08-19""]"
"MS","Morgan Stanley","Financials","0.5442611398586599","1.5334686632452563","2.3081096650590727","0.2774046637060639","-0.18830207649322972","0.10878368908658022","0.4255124981449279","1.4883346268675604","ok","243","^AXJO","0.0435","2026-08-19T00:20:53.734601+00:00","2025-08-19","2026-08-19","1Y","[""top-picks-snapshot"",""1Y"",""^AXJO"",0.0435,1000,""2025-08-19"",""2026-08-19""]"
"MSB.AX","MESOBLAST LTD","Healthcare","0.0084033529263976","0.4095963454252274","0.3402447164265493","0.5872495984126601","-0.3859934750968682","1.6100994157916022","0.3203257127049036","0.5341597076428509","ok","249","^AXJO","0.0435","2026-08-19T00:20:53.734601+00:00","2025-08-19","2026-08-19","1Y","[""top-picks-snapshot"",""1Y"",""^AXJO"",0.0435,1000,""2025-08-19"",""2026-08-19""]"
"MSCI","MSCI","Financials","0.004731939057637469","0.18136025545139203","0.034808053315787915","0.30413145493320637","-0.1807283141176924","0.05269600089249466","0.05256305214659633","0.2279148762484034","ok","243","^AXJO","0.0435","2026-08-19T00:20:53.734601+00:00","2025-08-19","2026-08-19","1Y","[""top-picks-snapshot"",""1Y"",""^AXJO"",0.0435,1000,""2025-08-19"",""2026-08-19""]"
"MSFT","Microsoft","Information Technology","-0.04765470204609945","0.06337114124968657","-0.19580402111904854","0.3230724168045538","-0.3449839904946891","0.09189833498782293","0.028744648114827576","0.14499760641080228","ok","243","^AXJO","0.0435","2026-08-19T00:20:53.734601+00:00","2025-08-19","2026-08-19","1Y","[""top-picks-snapshot"",""1Y"",""^AXJO"",0.0435,1000,""2025-08-19"",""2026-08-19""]"
"MSI","Motorola Solutions","Information Technology","0.031249151634268335","0.1265075287592727","0.1149543574657719","0.26042102462321404","-0.2544827510672947","0.19138626834919262","-0.021261892849006155","-0.0067382735049772245","ok","243","^AXJO","0.0435","2026-08-19T00:20:53.734601+00:00","2025-08-19","2026-08-19","1Y","[""top-picks-snapshot"",""1Y"",""^AXJO"",0.0435,1000,""2025-08-19"",""2026-08-19""]"
"MTB","M&T Bank","Financials","0.36044387191263483","1.3037285382117116","2.0143901701483","0.21515433263345415","-0.16975722482027744","-0.03813308537878755","0.27157573520824935","1.160703825874423","ok","243","^AXJO","0.0435","2026-08-19T00:20:53.734601+00:00","2025-08-19","2026-08-19","1Y","[""top-picks-snapshot"",""1Y"",""^AXJO"",0.0435,1000,""2025-08-19"",""2026-08-19""]"
"MTD","Mettler Toledo","Health Care","0.05829566736533032","0.4248369489360405","0.27912499654953704","0.3219218034067611","-0.31904621718370507","0.15709455855625726","0.12831291712127546","0.43284244278128964","ok","243","^AXJO","0.0435","2026-08-19T00:20:53.734601+00:00","2025-08-19","2026-08-19","1Y","[""top-picks-snapshot"",""1Y"",""^AXJO"",0.0435,1000,""2025-08-19"",""2026-08-19""]"
"MTS.AX","METCASH LTD","Consumer Staples","-0.22385856619873146","-1.2186158473547846","-1.5802629862133724","0.2257785387533185","-0.35726269828308843","0.6239469620097514","-0.24363171467895012","-1.0574117155277707","ok","249","^AXJO","0.0435","2026-08-19T00:20:53.734601+00:00","2025-08-19","2026-08-19","1Y","[""top-picks-snapshot"",""1Y"",""^AXJO"",0.0435,1000,""2025-08-19"",""2026-08-19""]"
"MU","Micron Technology","Information Technology","6.72035993907475","2.6678454465559884","4.9331433365232185","0.8154055814781508","-0.3909541844002312","0.36799927842659547","2.1239202469622787","2.65122611933816","ok","243","^AXJO","0.0435","2026-08-19T00:20:53.734601+00:00","2025-08-19","2026-08-19","1Y","[""top-picks-snapshot"",""1Y"",""^AXJO"",0.0435,1000,""2025-08-19"",""2026-08-19""]"
"NAB.AX","NATIONAL AUSTRALIA BANK LTD","Financials","0.01491763771381227","-0.08187827022774","-0.02485456063731981","0.22328093120833994","-0.257554556451997","1.004086816673278","0.017617001772268753","0.09394280165301629","ok","250","^AXJO","0.0435","2026-08-19T00:20:53.734601+00:00","2025-08-19","2026-08-19","1Y","[""top-picks-snapshot"",""1Y"",""^AXJO"",0.0435,1000,""2025-08-19"",""2026-08-19""]"
"NCK.AX","NICK SCALI LTD","Consumer Discretionary","-0.2539734819507451","-0.7110034734975579","-0.8303705733262547","0.39835734329073336","-0.46867137499581524","1.3370603554660907","-0.22839985413050531","-0.655579952204569","ok","249","^AXJO","0.0435","2026-08-19T00:20:53.734601+00:00","2025-08-19","2026-08-19","1Y","[""top-picks-snapshot"",""1Y"",""^AXJO"",0.0435,1000,""2025-08-19"",""2026-08-19""]"
"NCLH","Norwegian Cruise Line Holdings","Consumer Discretionary","-0.2791649451342545","-0.5330260636544772","-0.5875919941099679","0.5468981661117027","-0.4510022394708021","0.37122499753905447","-0.21667002231291366","-0.3721439890534261","ok","243","^AXJO","0.0435","2026-08-19T00:20:53.734601+00:00","2025-08-19","2026-08-19","1Y","[""top-picks-snapshot"",""1Y"",""^AXJO"",0.0435,1000,""2025-08-19"",""2026-08-19""]"
"NDAQ","Nasdaq, Inc.","Financials","0.043717754272944775","0.24505657410056536","0.17948046704127024","0.27486819203447704","-0.23380994919187426","0.16070918803747605","0.06765344161209688","0.2947025196140799","ok","243","^AXJO","0.0435","2026-08-19T00:20:53.734601+00:00","2025-08-19","2026-08-19","1Y","[""top-picks-snapshot"",""1Y"",""^AXJO"",0.0435,1000,""2025-08-19"",""2026-08-19""]"
"NDSN","Nordson Corporation","Industrials","0.4170333804879225","1.7952479941504027","2.4645138418030976","0.21014162593384222","-0.14147650129704714","0.22025736338002636","0.37526563050412376","1.7019003835591715","ok","243","^AXJO","0.0435","2026-08-19T00:20:53.734601+00:00","2025-08-19","2026-08-19","1Y","[""top-picks-snapshot"",""1Y"",""^AXJO"",0.0435,1000,""2025-08-19"",""2026-08-19""]"
"NEC.AX","NINE ENTERTAINMENT CO HOLDINGS","Communication Services","-0.11983791203321825","-0.463963620802748","-0.5486349497404469","0.30686252294346356","-0.2973177554390164","0.646704191201895","-0.13010087064887568","-0.3909099934769418","ok","249","^AXJO","0.0435","2026-08-19T00:20:53.734601+00:00","2025-08-19","2026-08-19","1Y","[""top-picks-snapshot"",""1Y"",""^AXJO"",0.0435,1000,""2025-08-19"",""2026-08-19""]"
"NEE","NextEra Energy","Utilities","0.15954289846632075","0.7328006456362547","0.8774494249605729","0.21466847768107553","-0.1452799072113613","0.0942225815752609","0.1478061064567781","0.6918707472319393","ok","243","^AXJO","0.0435","2026-08-19T00:20:53.734601+00:00","2025-08-19","2026-08-19","1Y","[""top-picks-snapshot"",""1Y"",""^AXJO"",0.0435,1000,""2025-08-19"",""2026-08-19""]"
"NEM","Newmont","Materials","0.7395840533094336","1.195065600926179","1.8237898258642986","0.48811587736787365","-0.3210365271161528","0.5796441256647741","0.6966424947816349","1.4393137280012633","ok","243","^AXJO","0.0435","2026-08-19T00:20:53.734601+00:00","2025-08-19","2026-08-19","1Y","[""top-picks-snapshot"",""1Y"",""^AXJO"",0.0435,1000,""2025-08-19"",""2026-08-19""]"
"NEM.AX","NEWMONT CORP","Materials","0.5830553863399819","1.1544253490450764","1.5782499962932943","0.4718251588938528","-0.3160712030591474","2.0870187447510595","0.6273132798897617","1.4029447220411795","ok","249","^AXJO","0.0435","2026-08-19T00:20:53.734601+00:00","2025-08-19","2026-08-19","1Y","[""top-picks-snapshot"",""1Y"",""^AXJO"",0.0435,1000,""2025-08-19"",""2026-08-19""]"
"NEU.AX","NEUREN PHARMACEUTICALS LTD","Healthcare","0.3403141477441747","0.757416575710008","1.2718760168276448","0.6030002719069746","-0.48680618890388194","1.7649805723687246","0.5208590885330292","0.8575436486042858","ok","249","^AXJO","0.0435","2026-08-19T00:20:53.734601+00:00","2025-08-19","2026-08-19","1Y","[""top-picks-snapshot"",""1Y"",""^AXJO"",0.0435,1000,""2025-08-19"",""2026-08-19""]"
"NFLX","Netflix","Communication Services","-0.35946962025578943","-1.023867014843707","-1.6315258427263215","0.3528988364289726","-0.46487235220897627","0.05155829844348495","-0.3871272588724744","-0.9683050565573117","ok","243","^AXJO","0.0435","2026-08-19T00:20:53.734601+00:00","2025-08-19","2026-08-19","1Y","[""top-picks-snapshot"",""1Y"",""^AXJO"",0.0435,1000,""2025-08-19"",""2026-08-19""]"
"NHC.AX","NEW HOPE CORP LTD","Energy","0.3635119176508297","0.9269561816443909","1.2915867890959043","0.37358493678458693","-0.19935170240910183","-0.29566019156410595","0.3253169156512229","0.9128907572458713","ok","249","^AXJO","0.0435","2026-08-19T00:20:53.734601+00:00","2025-08-19","2026-08-19","1Y","[""top-picks-snapshot"",""1Y"",""^AXJO"",0.0435,1000,""2025-08-19"",""2026-08-19""]"
"NHF.AX","NIB HOLDINGS LTD/AUSTRALIA","Financials","0.027112145648237274","-0.04580011671122401","0.019148877174034056","0.19812408863440767","-0.23430655443532988","0.42904607336657463","0.011946214745088855","0.15886497603547195","ok","249","^AXJO","0.0435","2026-08-19T00:20:53.734601+00:00","2025-08-19","2026-08-19","1Y","[""top-picks-snapshot"",""1Y"",""^AXJO"",0.0435,1000,""2025-08-19"",""2026-08-19""]"
"NI","NiSource","Utilities","0.02289651106430468","0.03890706005399034","-0.024134390894380405","0.18594185201048538","-0.14303259024686887","-0.06378213481577116","-0.008859637317689385","0.07227167943134176","ok","243","^AXJO","0.0435","2026-08-19T00:20:53.734601+00:00","2025-08-19","2026-08-19","1Y","[""top-picks-snapshot"",""1Y"",""^AXJO"",0.0435,1000,""2025-08-19"",""2026-08-19""]"
"NIC.AX","NICKEL INDUSTRIES LTD","Materials","0.10810808416175743","0.36361439653621186","0.5023684969012479","0.4257539224945474","-0.29545458239957245","1.604497336107351","0.2323150382903447","0.5439812347170264","ok","249","^AXJO","0.0435","2026-08-19T00:20:53.734601+00:00","2025-08-19","2026-08-19","1Y","[""top-picks-snapshot"",""1Y"",""^AXJO"",0.0435,1000,""2025-08-19"",""2026-08-19""]"
"NKE","Nike, Inc.","Consumer Discretionary","-0.4646294098850269","-1.5313179932883783","-2.1068958019814272","0.359693458183464","-0.4927034350410765","-0.31284367904490534","-0.5976074171404893","-1.438947599386197","ok","243","^AXJO","0.0435","2026-08-19T00:20:53.734601+00:00","2025-08-19","2026-08-19","1Y","[""top-picks-snapshot"",""1Y"",""^AXJO"",0.0435,1000,""2025-08-19"",""2026-08-19""]"
"NOC","Northrop Grumman","Industrials","0.020720289730015162","0.17680586716342772","0.06785805329594795","0.26729180674218844","-0.35131502760753386","0.08575351227294901","0.02594533712244415","0.16385633541455416","ok","243","^AXJO","0.0435","2026-08-19T00:20:53.734601+00:00","2025-08-19","2026-08-19","1Y","[""top-picks-snapshot"",""1Y"",""^AXJO"",0.0435,1000,""2025-08-19"",""2026-08-19""]"
"NOW","ServiceNow","Information Technology","-0.3262703490595492","-0.4439447037557178","-0.7199809413391278","0.5489899595183768","-0.5682255535309814","0.006940772118932244","-0.2081939443947617","-0.3217229690549515","ok","243","^AXJO","0.0435","2026-08-19T00:20:53.734601+00:00","2025-08-19","2026-08-19","1Y","[""top-picks-snapshot"",""1Y"",""^AXJO"",0.0435,1000,""2025-08-19"",""2026-08-19""]"
"NRG","NRG Energy","Utilities","-0.2115649166407615","-0.5012931418487366","-0.46364687684477035","0.47852616929469055","-0.36790004505377494","-0.2127376724672317","-0.25531895349981487","-0.4461471057441494","ok","243","^AXJO","0.0435","2026-08-19T00:20:53.734601+00:00","2025-08-19","2026-08-19","1Y","[""top-picks-snapshot"",""1Y"",""^AXJO"",0.0435,1000,""2025-08-19"",""2026-08-19""]"
"NSC","Norfolk Southern","Industrials","0.20787168767757813","0.863272083662744","1.2728042423880694","0.2047167634249324","-0.1247206990165759","0.045844649367645936","0.19013929711851643","0.8958568574762079","ok","243","^AXJO","0.0435","2026-08-19T00:20:53.734601+00:00","2025-08-19","2026-08-19","1Y","[""top-picks-snapshot"",""1Y"",""^AXJO"",0.0435,1000,""2025-08-19"",""2026-08-19""]"
"NST.AX","NORTHERN STAR RESOURCES LTD","Materials","0.2608372110346404","0.6570845613548326","0.8673106601793322","0.5515529006404848","-0.45315944648535855","2.1265537356201616","0.474183384329536","0.8527209435411065","ok","249","^AXJO","0.0435","2026-08-19T00:20:53.734601+00:00","2025-08-19","2026-08-19","1Y","[""top-picks-snapshot"",""1Y"",""^AXJO"",0.0435,1000,""2025-08-19"",""2026-08-19""]"
"NTAP","NetApp","Information Technology","0.9081403082181649","1.744575863986614","2.9088982450232863","0.43102962206841816","-0.24833373163633732","0.17395212356521897","0.8171804906824375","1.9224257839933465","ok","243","^AXJO","0.0435","2026-08-19T00:20:53.734601+00:00","2025-08-19","2026-08-19","1Y","[""top-picks-snapshot"",""1Y"",""^AXJO"",0.0435,1000,""2025-08-19"",""2026-08-19""]"
"NTRS","Northern Trust","Financials","0.5303541838103505","1.5914010620789854","2.661275909867499","0.24450126630771846","-0.12386240288076422","0.010219499711203991","0.382964222163234","1.4669110383462463","ok","243","^AXJO","0.0435","2026-08-19T00:20:53.734601+00:00","2025-08-19","2026-08-19","1Y","[""top-picks-snapshot"",""1Y"",""^AXJO"",0.0435,1000,""2025-08-19"",""2026-08-19""]"
"NUE","Nucor","Materials","0.8349001135237377","1.8923642215742575","3.1685409215808034","0.31003241587702074","-0.1843431285322833","0.24384905535027257","0.6972107522530732","2.2029440483237765","ok","243","^AXJO","0.0435","2026-08-19T00:20:53.734601+00:00","2025-08-19","2026-08-19","1Y","[""top-picks-snapshot"",""1Y"",""^AXJO"",0.0435,1000,""2025-08-19"",""2026-08-19""]"
"NVDA","Nvidia","Information Technology","0.25274802610741154","0.9225742946081097","1.0012293916126072","0.367773516496434","-0.20214385493927145","0.08060970057689884","0.3586318298848815","0.9737703655783281","ok","243","^AXJO","0.0435","2026-08-19T00:20:53.734601+00:00","2025-08-19","2026-08-19","1Y","[""top-picks-snapshot"",""1Y"",""^AXJO"",0.0435,1000,""2025-08-19"",""2026-08-19""]"
"NVR","NVR, Inc.","Consumer Discretionary","-0.2423361553805501","-0.8788242849276284","-1.4185026407534256","0.2748943202985956","-0.34875101051299306","0.14739797606913493","-0.2262851101985459","-0.6947288957600537","ok","243","^AXJO","0.0435","2026-08-19T00:20:53.734601+00:00","2025-08-19","2026-08-19","1Y","[""top-picks-snapshot"",""1Y"",""^AXJO"",0.0435,1000,""2025-08-19"",""2026-08-19""]"
"NWH.AX","NRW HOLDINGS LTD","Industrials","1.083634138044471","2.1465528047941973","3.326983878354436","0.36249713532219746","-0.19074242615467474","1.559446541785912","0.858579994345436","2.659971640821504","ok","249","^AXJO","0.0435","2026-08-19T00:20:53.734601+00:00","2025-08-19","2026-08-19","1Y","[""top-picks-snapshot"",""1Y"",""^AXJO"",0.0435,1000,""2025-08-19"",""2026-08-19""]"
"NWL.AX","NETWEALTH GROUP LTD","Financials","-0.3643368463845934","-0.8778517169827197","-1.2655503982759548","0.4491302342338475","-0.45760017043735746","1.6627208949509074","-0.30360444967245","-0.807483462169569","ok","249","^AXJO","0.0435","2026-08-19T00:20:53.734601+00:00","2025-08-19","2026-08-19","1Y","[""top-picks-snapshot"",""1Y"",""^AXJO"",0.0435,1000,""2025-08-19"",""2026-08-19""]"
"NWS","News Corp (Class B)","Communication Services","-0.024663153283656314","0.021936013581998093","-0.14754077266435137","0.27662334768042174","-0.26843069967813005","0.12001677241387886","0.005614036798920884","0.08839655318174196","ok","243","^AXJO","0.0435","2026-08-19T00:20:53.734601+00:00","2025-08-19","2026-08-19","1Y","[""top-picks-snapshot"",""1Y"",""^AXJO"",0.0435,1000,""2025-08-19"",""2026-08-19""]"
"NWS.AX","NEWS CORP","Communication Services","-0.1252774140609303","-0.560177341973882","-0.6889269340267331","0.26866886001699436","-0.32770844042254543","0.2537698991408469","-0.12769782970555488","-0.3561230582350301","ok","249","^AXJO","0.0435","2026-08-19T00:20:53.734601+00:00","2025-08-19","2026-08-19","1Y","[""top-picks-snapshot"",""1Y"",""^AXJO"",0.0435,1000,""2025-08-19"",""2026-08-19""]"
"NWSA","News Corp (Class A)","Communication Services","-0.007923823337472768","0.03552486139934091","-0.07971145941174197","0.26796806146868296","-0.2781179874890092","0.13202091850736034","0.004765809127316098","0.08751376532701188","ok","243","^AXJO","0.0435","2026-08-19T00:20:53.734601+00:00","2025-08-19","2026-08-19","1Y","[""top-picks-snapshot"",""1Y"",""^AXJO"",0.0435,1000,""2025-08-19"",""2026-08-19""]"
"NXPI","NXP Semiconductors","Information Technology","0.014622260362517459","0.012100522654928461","0.2933067818168491","0.49175508432407605","-0.323863302172232","-0.023375178707945136","0.05505339329576895","0.15378839712286435","ok","243","^AXJO","0.0435","2026-08-19T00:20:53.734601+00:00","2025-08-19","2026-08-19","1Y","[""top-picks-snapshot"",""1Y"",""^AXJO"",0.0435,1000,""2025-08-19"",""2026-08-19""]"
"NXT.AX","NEXTDC LTD","Information Technology","-0.0034506688422815124","-0.18682244906251277","0.16249816732730024","0.432974536345838","-0.3740966997143006","1.1614265693825783","-0.011043445143457866","-0.04270648709075414","ok","250","^AXJO","0.0435","2026-08-19T00:20:53.734601+00:00","2025-08-19","2026-08-19","1Y","[""top-picks-snapshot"",""1Y"",""^AXJO"",0.0435,1000,""2025-08-19"",""2026-08-19""]"
"O","Realty Income","Real Estate","0.11201848948026916","0.37304204383785944","0.6599370504407801","0.1640639290064306","-0.11101250164878018","0.038456775867949336","0.055668618903571956","0.3863274100911095","ok","243","^AXJO","0.0435","2026-08-19T00:20:53.734601+00:00","2025-08-19","2026-08-19","1Y","[""top-picks-snapshot"",""1Y"",""^AXJO"",0.0435,1000,""2025-08-19"",""2026-08-19""]"
"ODFL","Old Dominion","Industrials","0.3524495714403355","0.9461860984467437","1.3219541922319058","0.3822778802745903","-0.204886855930844","-0.08323151952528342","0.3631764184493183","0.9424656320859234","ok","243","^AXJO","0.0435","2026-08-19T00:20:53.734601+00:00","2025-08-19","2026-08-19","1Y","[""top-picks-snapshot"",""1Y"",""^AXJO"",0.0435,1000,""2025-08-19"",""2026-08-19""]"
"OKE","Oneok","Energy","0.392371458131652","1.4455657800805015","1.7562038269644975","0.26496443579000994","-0.1448798538892878","-0.2593881374057634","0.345603184070779","1.2224346492430829","ok","243","^AXJO","0.0435","2026-08-19T00:20:53.734601+00:00","2025-08-19","2026-08-19","1Y","[""top-picks-snapshot"",""1Y"",""^AXJO"",0.0435,1000,""2025-08-19"",""2026-08-19""]"
"OMC","Omnicom Group","Communication Services","0.15587821699154136","0.5281771450916245","0.7002557021108669","0.3569347745060767","-0.17853021537782654","-0.06546460678955977","0.1866277895134873","0.5464256136312139","ok","243","^AXJO","0.0435","2026-08-19T00:20:53.734601+00:00","2025-08-19","2026-08-19","1Y","[""top-picks-snapshot"",""1Y"",""^AXJO"",0.0435,1000,""2025-08-19"",""2026-08-19""]"
"ON","ON Semiconductor","Information Technology","0.5957403543997055","0.701544601680458","1.4640857120677448","0.6166760691519703","-0.4257447333078431","-0.023837065034314153","0.4808497695351922","0.800369335983222","ok","243","^AXJO","0.0435","2026-08-19T00:20:53.734601+00:00","2025-08-19","2026-08-19","1Y","[""top-picks-snapshot"",""1Y"",""^AXJO"",0.0435,1000,""2025-08-19"",""2026-08-19""]"
"ORA.AX","ORORA LTD","Materials","-0.34233375269182087","-1.3339640815709508","-1.3815214880117954","0.3511895037793347","-0.4533309309790261","0.8770216332010878","-0.43974326935196906","-1.305421224599537","ok","249","^AXJO","0.0435","2026-08-19T00:20:53.734601+00:00","2025-08-19","2026-08-19","1Y","[""top-picks-snapshot"",""1Y"",""^AXJO"",0.0435,1000,""2025-08-19"",""2026-08-19""]"
"ORCL","Oracle Corporation","Information Technology","-0.384462249667495","-0.2756188890724897","-0.786416074898442","0.6736679998725886","-0.6457813296858512","0.5297318413227913","-0.06358840382908151","-0.07629410439382794","ok","243","^AXJO","0.0435","2026-08-19T00:20:53.734601+00:00","2025-08-19","2026-08-19","1Y","[""top-picks-snapshot"",""1Y"",""^AXJO"",0.0435,1000,""2025-08-19"",""2026-08-19""]"
"ORG.AX","ORIGIN ENERGY LTD","Utilities","-0.009051722590622924","-0.19396090284677542","-0.14812340074074556","0.23324563452633798","-0.20641128625463012","0.011576036925864513","-0.055215003890014325","-0.07416256554027431","ok","249","^AXJO","0.0435","2026-08-19T00:20:53.734601+00:00","2025-08-19","2026-08-19","1Y","[""top-picks-snapshot"",""1Y"",""^AXJO"",0.0435,1000,""2025-08-19"",""2026-08-19""]"
"ORI.AX","ORICA LTD","Materials","0.07078890664878568","0.1777259993904201","0.3242750974214426","0.2389038467295861","-0.28901517180261405","0.9504826355903585","0.07735415232983793","0.37515559825198735","ok","249","^AXJO","0.0435","2026-08-19T00:20:53.734601+00:00","2025-08-19","2026-08-19","1Y","[""top-picks-snapshot"",""1Y"",""^AXJO"",0.0435,1000,""2025-08-19"",""2026-08-19""]"
"ORLY","O'Reilly Automotive","Consumer Discretionary","-0.1193479110589949","0.013388068666859501","-0.7725378867105933","0.25523420206766645","-0.23270261926271407","-0.014757664639763008","0.0011571101693230099","0.0913806655688556","ok","243","^AXJO","0.0435","2026-08-19T00:20:53.734601+00:00","2025-08-19","2026-08-19","1Y","[""top-picks-snapshot"",""1Y"",""^AXJO"",0.0435,1000,""2025-08-19"",""2026-08-19""]"
"OTIS","Otis Worldwide","Industrials","-0.18878104012232177","-1.1074674577273707","-1.4485808564856082","0.21152237757902617","-0.2548587569969054","0.28970791611330177","-0.24022106124877823","-0.9801365242729945","ok","243","^AXJO","0.0435","2026-08-19T00:20:53.734601+00:00","2025-08-19","2026-08-19","1Y","[""top-picks-snapshot"",""1Y"",""^AXJO"",0.0435,1000,""2025-08-19"",""2026-08-19""]"
"OXY","Occidental Petroleum","Energy","0.3884590632402882","1.0417397333974354","1.4702747057302803","0.3553632078296393","-0.2729252578974719","-0.3719180013347401","0.35267119602456515","0.9639104297828082","ok","243","^AXJO","0.0435","2026-08-19T00:20:53.734601+00:00","2025-08-19","2026-08-19","1Y","[""top-picks-snapshot"",""1Y"",""^AXJO"",0.0435,1000,""2025-08-19"",""2026-08-19""]"
"PANW","Palo Alto Networks","Information Technology","1.0606962969785982","1.9204270950076192","2.9253233649175283","0.4147119140566383","-0.3600596483682511","-0.12376540406800655","0.8198629287496416","1.9126230991929245","ok","243","^AXJO","0.0435","2026-08-19T00:20:53.734601+00:00","2025-08-19","2026-08-19","1Y","[""top-picks-snapshot"",""1Y"",""^AXJO"",0.0435,1000,""2025-08-19"",""2026-08-19""]"
"PAYX","Paychex","Industrials","-0.09925715983136973","0.05745547406293849","-0.5573167565544389","0.2789723842176929","-0.3800478864663316","-0.10348619476824006","0.02918267005689762","0.17785100000262416","ok","243","^AXJO","0.0435","2026-08-19T00:20:53.734601+00:00","2025-08-19","2026-08-19","1Y","[""top-picks-snapshot"",""1Y"",""^AXJO"",0.0435,1000,""2025-08-19"",""2026-08-19""]"
"PCAR","Paccar","Industrials","0.3188827556144036","0.7994237495237276","1.60584038060635","0.2782880664045891","-0.15292228207114267","0.07783333413655175","0.23974821269212943","0.8696268176148607","ok","243","^AXJO","0.0435","2026-08-19T00:20:53.734601+00:00","2025-08-19","2026-08-19","1Y","[""top-picks-snapshot"",""1Y"",""^AXJO"",0.0435,1000,""2025-08-19"",""2026-08-19""]"
"PCG","PG&E Corporation","Utilities","0.15441675851958614","0.6514403216481489","0.7473352080442242","0.2614389006666723","-0.1682120481734195","0.23770508713126476","0.18050498886088276","0.7129747722752134","ok","243","^AXJO","0.0435","2026-08-19T00:20:53.734601+00:00","2025-08-19","2026-08-19","1Y","[""top-picks-snapshot"",""1Y"",""^AXJO"",0.0435,1000,""2025-08-19"",""2026-08-19""]"
"PDN.AX","PALADIN ENERGY LTD","Energy","0.6297419609164303","1.1580943257566716","1.5120035398217582","0.672210980387246","-0.4209078336736892","2.5379466202745675","0.8537515765939506","1.2773867639636678","ok","249","^AXJO","0.0435","2026-08-19T00:20:53.734601+00:00","2025-08-19","2026-08-19","1Y","[""top-picks-snapshot"",""1Y"",""^AXJO"",0.0435,1000,""2025-08-19"",""2026-08-19""]"
"PEG","Public Service Enterprise Group","Utilities","-0.07673501599331378","-0.6331052692564141","-0.7717461612939149","0.18467011168859493","-0.12808986678933643","0.018990884260595156","-0.14411315452729076","-0.5424546142655734","ok","243","^AXJO","0.0435","2026-08-19T00:20:53.734601+00:00","2025-08-19","2026-08-19","1Y","[""top-picks-snapshot"",""1Y"",""^AXJO"",0.0435,1000,""2025-08-19"",""2026-08-19""]"
"PEP","PepsiCo","Consumer Staples","-0.04259918418953612","-0.07985769258971472","-0.4475684024462204","0.2121384641065533","-0.19298397215875585","0.029059862273972083","-0.04519082151603216","-0.09036742862793123","ok","243","^AXJO","0.0435","2026-08-19T00:20:53.734601+00:00","2025-08-19","2026-08-19","1Y","[""top-picks-snapshot"",""1Y"",""^AXJO"",0.0435,1000,""2025-08-19"",""2026-08-19""]"
"PFE","Pfizer","Health Care","0.15170234413058048","0.7074833285906733","0.8264963615796931","0.23391674264179554","-0.1572429309198753","0.10664063609534316","0.1886458896597336","0.8088946395288074","ok","243","^AXJO","0.0435","2026-08-19T00:20:53.734601+00:00","2025-08-19","2026-08-19","1Y","[""top-picks-snapshot"",""1Y"",""^AXJO"",0.0435,1000,""2025-08-19"",""2026-08-19""]"
"PFG","Principal Financial Group","Financials","0.49233794263366826","1.553004105591787","2.6018459279703303","0.2190264867217779","-0.11963818286680838","-0.0299992118560084","0.322969516812363","1.3523735503619365","ok","243","^AXJO","0.0435","2026-08-19T00:20:53.734601+00:00","2025-08-19","2026-08-19","1Y","[""top-picks-snapshot"",""1Y"",""^AXJO"",0.0435,1000,""2025-08-19"",""2026-08-19""]"
"PG","Procter & Gamble","Consumer Staples","-0.06775000163619804","-0.3703503432749351","-0.6804099257143168","0.1964189419453119","-0.15522932638749032","0.05388152744718458","-0.064955190463162","-0.18361033058660003","ok","243","^AXJO","0.0435","2026-08-19T00:20:53.734601+00:00","2025-08-19","2026-08-19","1Y","[""top-picks-snapshot"",""1Y"",""^AXJO"",0.0435,1000,""2025-08-19"",""2026-08-19""]"
"PGR","Progressive Corporation","Financials","-0.11947863843289397","-0.634992073553776","-0.7020339738839635","0.2583362502330088","-0.1978770730487599","-0.1504663081504428","-0.1949297530070464","-0.557813927559991","ok","243","^AXJO","0.0435","2026-08-19T00:20:53.734601+00:00","2025-08-19","2026-08-19","1Y","[""top-picks-snapshot"",""1Y"",""^AXJO"",0.0435,1000,""2025-08-19"",""2026-08-19""]"
"PH","Parker Hannifin","Industrials","0.4120694314809221","1.3218294878807315","2.0886011301662664","0.25977690229857164","-0.19340688713272935","0.28258191649486425","0.3455384241389477","1.3044493622735198","ok","243","^AXJO","0.0435","2026-08-19T00:20:53.734601+00:00","2025-08-19","2026-08-19","1Y","[""top-picks-snapshot"",""1Y"",""^AXJO"",0.0435,1000,""2025-08-19"",""2026-08-19""]"
"PHM","PulteGroup","Consumer Discretionary","-0.02542942361357381","0.11672463602041307","-0.068935794562714","0.3319919545745719","-0.22597615916078728","-0.013350439686348931","0.05852570493273994","0.23183907822041092","ok","243","^AXJO","0.0435","2026-08-19T00:20:53.734601+00:00","2025-08-19","2026-08-19","1Y","[""top-picks-snapshot"",""1Y"",""^AXJO"",0.0435,1000,""2025-08-19"",""2026-08-19""]"
"PKG","Packaging Corporation of America","Materials","0.29372206893810393","1.004599434874021","1.4066332729352173","0.2846122796893414","-0.17209653735346497","0.17461695046885878","0.2985131814538483","1.046556053609942","ok","243","^AXJO","0.0435","2026-08-19T00:20:53.734601+00:00","2025-08-19","2026-08-19","1Y","[""top-picks-snapshot"",""1Y"",""^AXJO"",0.0435,1000,""2025-08-19"",""2026-08-19""]"
"PLD","Prologis","Real Estate","0.3051291062668122","1.0906440520527094","1.7502033654474782","0.21865307263407172","-0.09585304447754694","0.009058200145405326","0.22690053600188032","1.0027603026813388","ok","243","^AXJO","0.0435","2026-08-19T00:20:53.734601+00:00","2025-08-19","2026-08-19","1Y","[""top-picks-snapshot"",""1Y"",""^AXJO"",0.0435,1000,""2025-08-19"",""2026-08-19""]"
"PLS.AX","PILBARA MINERALS LTD","Materials","1.1622806535973549","1.588184915219443","2.314925212592039","0.5912639210372418","-0.40059345711479266","1.3348367939255266","1.0285173389854754","1.773105976411571","ok","249","^AXJO","0.0435","2026-08-19T00:20:53.734601+00:00","2025-08-19","2026-08-19","1Y","[""top-picks-snapshot"",""1Y"",""^AXJO"",0.0435,1000,""2025-08-19"",""2026-08-19""]"
"PLTR","Palantir Technologies","Information Technology","0.08741675617199873","0.4181981269415041","0.5685620337824058","0.5984421451892868","-0.4822376656276136","0.23577610014106287","0.371487118017301","0.6317453126591172","ok","243","^AXJO","0.0435","2026-08-19T00:20:53.734601+00:00","2025-08-19","2026-08-19","1Y","[""top-picks-snapshot"",""1Y"",""^AXJO"",0.0435,1000,""2025-08-19"",""2026-08-19""]"
"PM","Philip Morris International","Consumer Staples","0.15195176289167822","0.9100141561819804","0.7094015390925938","0.28227548937659863","-0.1853633323123942","-0.17268391171081","0.2030843377119541","0.733849796403809","ok","243","^AXJO","0.0435","2026-08-19T00:20:53.734601+00:00","2025-08-19","2026-08-19","1Y","[""top-picks-snapshot"",""1Y"",""^AXJO"",0.0435,1000,""2025-08-19"",""2026-08-19""]"
"PME.AX","PRO MEDICUS LTD","Healthcare","-0.3789489137609291","-0.8316105849230885","-0.9427571016096906","0.5369026776263396","-0.6620735080676893","1.1509368149965618","-0.5281256259141224","-1.0546274576062888","ok","249","^AXJO","0.0435","2026-08-19T00:20:53.734601+00:00","2025-08-19","2026-08-19","1Y","[""top-picks-snapshot"",""1Y"",""^AXJO"",0.0435,1000,""2025-08-19"",""2026-08-19""]"
"PMV.AX","PREMIER INVESTMENTS LTD","Consumer Discretionary","-0.43465350075097453","-1.6053222934434825","-1.931305693967762","0.3579640361661607","-0.49095985278505305","0.8025909615565877","-0.5237990727355626","-1.4958543766852512","ok","249","^AXJO","0.0435","2026-08-19T00:20:53.734601+00:00","2025-08-19","2026-08-19","1Y","[""top-picks-snapshot"",""1Y"",""^AXJO"",0.0435,1000,""2025-08-19"",""2026-08-19""]"
"PNC","PNC Financial Services","Financials","0.36093756214340655","1.2654536936564258","1.97283545274726","0.21603459871838254","-0.17209662817414972","-0.05454020302645175","0.2448973226387727","1.0546450944551293","ok","243","^AXJO","0.0435","2026-08-19T00:20:53.734601+00:00","2025-08-19","2026-08-19","1Y","[""top-picks-snapshot"",""1Y"",""^AXJO"",0.0435,1000,""2025-08-19"",""2026-08-19""]"
"PNI.AX","PINNACLE INVESTMENT MANAGEMENT","Financials","-0.13084092994724728","-0.28070340747542916","-0.29903547797704094","0.43422459988860046","-0.39797651050363403","2.0366840835353175","-0.04775371982667981","-0.22379136812444472","ok","250","^AXJO","0.0435","2026-08-19T00:20:53.734601+00:00","2025-08-19","2026-08-19","1Y","[""top-picks-snapshot"",""1Y"",""^AXJO"",0.0435,1000,""2025-08-19"",""2026-08-19""]"
"PNR","Pentair","Industrials","-0.39925318693203704","-1.247522938445269","-1.815095612892905","0.32730086430251343","-0.4496676126213164","0.15933478936700435","-0.45394047428834094","-1.24009536898547","ok","243","^AXJO","0.0435","2026-08-19T00:20:53.734601+00:00","2025-08-19","2026-08-19","1Y","[""top-picks-snapshot"",""1Y"",""^AXJO"",0.0435,1000,""2025-08-19"",""2026-08-19""]"
"PNW","Pinnacle West Capital","Utilities","0.12987464257986336","0.8268363887450418","0.8276113809578353","0.16628537090170764","-0.08446307703440448","0.028046351569646043","0.12024243925919648","0.6968091511452735","ok","243","^AXJO","0.0435","2026-08-19T00:20:53.734601+00:00","2025-08-19","2026-08-19","1Y","[""top-picks-snapshot"",""1Y"",""^AXJO"",0.0435,1000,""2025-08-19"",""2026-08-19""]"
"PODD","Insulet Corporation","Health Care","-0.5479724141530062","-1.5543266510453926","-1.9832961618305376","0.444265552854485","-0.6223003465209425","-0.36732650731118205","-0.7962636122940361","-1.6059135154600999","ok","243","^AXJO","0.0435","2026-08-19T00:20:53.734601+00:00","2025-08-19","2026-08-19","1Y","[""top-picks-snapshot"",""1Y"",""^AXJO"",0.0435,1000,""2025-08-19"",""2026-08-19""]"
"PPG","PPG Industries","Materials","0.02571538988053934","0.19633424094683966","0.13326574985410525","0.3044480948598676","-0.25677452098907994","0.31645711051774594","0.07559352889677817","0.2884521081484921","ok","243","^AXJO","0.0435","2026-08-19T00:20:53.734601+00:00","2025-08-19","2026-08-19","1Y","[""top-picks-snapshot"",""1Y"",""^AXJO"",0.0435,1000,""2025-08-19"",""2026-08-19""]"
"PPL","PPL Corporation","Utilities","0.0005643837929805162","-0.028137312725119747","-0.2145220480660541","0.17560097446971806","-0.13288120904593737","0.054583480577990756","-0.021647232518999145","0.0046432634339934","ok","243","^AXJO","0.0435","2026-08-19T00:20:53.734601+00:00","2025-08-19","2026-08-19","1Y","[""top-picks-snapshot"",""1Y"",""^AXJO"",0.0435,1000,""2025-08-19"",""2026-08-19""]"
"PPT.AX","PERPETUAL LTD","Financials","-0.05234499248536373","-0.32127430066414114","-0.2224409677461133","0.32716348717901217","-0.27016294543543373","0.8556908195070739","-0.06063542091360306","-0.17894002300675624","ok","249","^AXJO","0.0435","2026-08-19T00:20:53.734601+00:00","2025-08-19","2026-08-19","1Y","[""top-picks-snapshot"",""1Y"",""^AXJO"",0.0435,1000,""2025-08-19"",""2026-08-19""]"
"PRN.AX","PERENTI LTD","Materials","0.13757118142963676","0.2809059862584597","0.5757827579727983","0.42110104084862277","-0.40163929144206234","1.6433277102219392","0.2124901559387051","0.5016566391397158","ok","249","^AXJO","0.0435","2026-08-19T00:20:53.734601+00:00","2025-08-19","2026-08-19","1Y","[""top-picks-snapshot"",""1Y"",""^AXJO"",0.0435,1000,""2025-08-19"",""2026-08-19""]"
"PRU","Prudential Financial","Financials","0.2201463349768431","0.938870359794626","1.0945718380337455","0.22438207205534902","-0.21455581058860695","-0.2269776592631954","0.23979902022275776","0.9905789476924114","ok","243","^AXJO","0.0435","2026-08-19T00:20:53.734601+00:00","2025-08-19","2026-08-19","1Y","[""top-picks-snapshot"",""1Y"",""^AXJO"",0.0435,1000,""2025-08-19"",""2026-08-19""]"
"PRU.AX","PERSEUS MINING LTD","Materials","0.5924066228942881","1.283162215641812","1.7508813779820627","0.43617092472964714","-0.28473167863216764","1.9396093746893248","0.6490990603261781","1.5999166125141078","ok","249","^AXJO","0.0435","2026-08-19T00:20:53.734601+00:00","2025-08-19","2026-08-19","1Y","[""top-picks-snapshot"",""1Y"",""^AXJO"",0.0435,1000,""2025-08-19"",""2026-08-19""]"
"PSA","Public Storage","Real Estate","0.17107406387330193","0.9050337693429052","0.9088988855359847","0.2298495798304526","-0.16199238575479347","0.12299343854329374","0.21269684249877518","0.9217884988717404","ok","243","^AXJO","0.0435","2026-08-19T00:20:53.734601+00:00","2025-08-19","2026-08-19","1Y","[""top-picks-snapshot"",""1Y"",""^AXJO"",0.0435,1000,""2025-08-19"",""2026-08-19""]"
"PSKY","Paramount Skydance Corporation","Communication Services","-0.21344124525528774","-0.2200843726856623","-0.404768668265279","0.5549594629066574","-0.598668315698229","0.3576610836638691","-0.2555222182428731","-0.4292018914164206","ok","243","^AXJO","0.0435","2026-08-19T00:20:53.734601+00:00","2025-08-19","2026-08-19","1Y","[""top-picks-snapshot"",""1Y"",""^AXJO"",0.0435,1000,""2025-08-19"",""2026-08-19""]"
"PSX","Phillips 66","Energy","1.0412270698935924","2.363114680888913","3.8176151941786145","0.3109011261575774","-0.17277459002442497","-0.5658497632897475","0.7878710738382826","2.2569478211122243","ok","243","^AXJO","0.0435","2026-08-19T00:20:53.734601+00:00","2025-08-19","2026-08-19","1Y","[""top-picks-snapshot"",""1Y"",""^AXJO"",0.0435,1000,""2025-08-19"",""2026-08-19""]"
"PTC","PTC Inc.","Information Technology","-0.30204412667114533","-0.8533835921611821","-1.3382429288306512","0.33604300012569727","-0.48122660848693954","-0.07519634971302921","-0.3236321484012054","-0.8102913212036504","ok","243","^AXJO","0.0435","2026-08-19T00:20:53.734601+00:00","2025-08-19","2026-08-19","1Y","[""top-picks-snapshot"",""1Y"",""^AXJO"",0.0435,1000,""2025-08-19"",""2026-08-19""]"
"PWR","Quanta Services","Industrials","0.8370630627612474","1.3581031223466202","2.5489594110459906","0.4363593123942315","-0.2852812633542575","-0.15652552739312958","0.6522608018962667","1.4567018803340896","ok","243","^AXJO","0.0435","2026-08-19T00:20:53.734601+00:00","2025-08-19","2026-08-19","1Y","[""top-picks-snapshot"",""1Y"",""^AXJO"",0.0435,1000,""2025-08-19"",""2026-08-19""]"
"PXA.AX","PEXA GROUP LTD","Real Estate","-0.5177478555168249","-1.73070350625015","-1.970761882344514","0.39355081272745646","-0.5750591001891229","0.2030083367326146","-0.684868788094413","-1.6078684384396207","ok","249","^AXJO","0.0435","2026-08-19T00:20:53.734601+00:00","2025-08-19","2026-08-19","1Y","[""top-picks-snapshot"",""1Y"",""^AXJO"",0.0435,1000,""2025-08-19"",""2026-08-19""]"
"PYPL","PayPal","Financials","-0.11725776520696463","-0.11194729374061496","-0.2586725373883653","0.4189660316831833","-0.4854807530380071","-0.06426988264720326","-0.010649210670326481","0.0329585589803108","ok","243","^AXJO","0.0435","2026-08-19T00:20:53.734601+00:00","2025-08-19","2026-08-19","1Y","[""top-picks-snapshot"",""1Y"",""^AXJO"",0.0435,1000,""2025-08-19"",""2026-08-19""]"
"Q","Qnity Electronics","Information Technology",,,,,,,,,"limited_data","196","^AXJO","0.0435","2026-08-19T00:20:53.734601+00:00","2025-08-19","2026-08-19","1Y","[""top-picks-snapshot"",""1Y"",""^AXJO"",0.0435,1000,""2025-08-19"",""2026-08-19""]"
"QAN.AX","QANTAS AIRWAYS LTD","Industrials","-0.11207481826535337","-0.31584706716044664","-0.5411958856533257","0.31358793049791395","-0.2950901089093516","1.3575704893851244","-0.026494628619809897","-0.14506595064382158","ok","249","^AXJO","0.0435","2026-08-19T00:20:53.734601+00:00","2025-08-19","2026-08-19","1Y","[""top-picks-snapshot"",""1Y"",""^AXJO"",0.0435,1000,""2025-08-19"",""2026-08-19""]"
"QBE.AX","QBE INSURANCE GROUP LTD","Financials","0.10016692759328127","0.20572670763757148","0.46546133537759654","0.22347568665538708","-0.13305705269574064","0.36132790014380617","0.05988987921233517","0.35512334775890225","ok","249","^AXJO","0.0435","2026-08-19T00:20:53.734601+00:00","2025-08-19","2026-08-19","1Y","[""top-picks-snapshot"",""1Y"",""^AXJO"",0.0435,1000,""2025-08-19"",""2026-08-19""]"
"QCOM","Qualcomm","Information Technology","0.046824560014502525","0.13511137232909057","0.3975918149273488","0.5241195609669982","-0.40978730725654366","0.10002752412533286","0.19365814220497632","0.39720042837654757","ok","243","^AXJO","0.0435","2026-08-19T00:20:53.734601+00:00","2025-08-19","2026-08-19","1Y","[""top-picks-snapshot"",""1Y"",""^AXJO"",0.0435,1000,""2025-08-19"",""2026-08-19""]"
"QUB.AX","QUBE HOLDINGS LTD","Industrials","0.2570019572097597","0.8754232914175749","2.1977882699365527","0.2429728021460508","-0.09777778787570557","0.44087731943658615","0.23081974107008962","1.010202917764633","ok","249","^AXJO","0.0435","2026-08-19T00:20:53.734601+00:00","2025-08-19","2026-08-19","1Y","[""top-picks-snapshot"",""1Y"",""^AXJO"",0.0435,1000,""2025-08-19"",""2026-08-19""]"
"RCL","Royal Caribbean Group","Consumer Discretionary","-0.07556188833110355","0.027953937424864437","-0.0471370140345867","0.47187954639241436","-0.3235657150497958","0.32900672428640015","0.06429796981686066","0.16626399755117244","ok","243","^AXJO","0.0435","2026-08-19T00:20:53.734601+00:00","2025-08-19","2026-08-19","1Y","[""top-picks-snapshot"",""1Y"",""^AXJO"",0.0435,1000,""2025-08-19"",""2026-08-19""]"
"REA.AX","REA GROUP LTD","Communication Services","-0.3073399934817046","-1.244101676609848","-1.5026135781766445","0.3209087186394555","-0.49370736029967455","0.6457853707800545","-0.37888503652207706","-1.1813316096587567","ok","249","^AXJO","0.0435","2026-08-19T00:20:53.734601+00:00","2025-08-19","2026-08-19","1Y","[""top-picks-snapshot"",""1Y"",""^AXJO"",0.0435,1000,""2025-08-19"",""2026-08-19""]"
"REG","Regency Centers","Real Estate","0.10491030382450983","0.5188776722090582","0.6364708579238101","0.15880999444768662","-0.08393810372267019","0.012778347278854966","0.05392431387556727","0.3849375337803049","ok","243","^AXJO","0.0435","2026-08-19T00:20:53.734601+00:00","2025-08-19","2026-08-19","1Y","[""top-picks-snapshot"",""1Y"",""^AXJO"",0.0435,1000,""2025-08-19"",""2026-08-19""]"
"REGN","Regeneron Pharmaceuticals","Health Care","0.4226533618200399","1.2120362586097475","1.7078171852788075","0.3353807765400838","-0.258521580842077","-0.020093519912557624","0.4365973323251198","1.2603269286135514","ok","243","^AXJO","0.0435","2026-08-19T00:20:53.734601+00:00","2025-08-19","2026-08-19","1Y","[""top-picks-snapshot"",""1Y"",""^AXJO"",0.0435,1000,""2025-08-19"",""2026-08-19""]"
"REH.AX","REECE LTD","Industrials","0.20977545904813977","0.37504065004896714","0.8669670352681502","0.43424846280611173","-0.2959889193592983","1.0484633857275227","0.19874967171534508","0.4732336699357043","ok","249","^AXJO","0.0435","2026-08-19T00:20:53.734601+00:00","2025-08-19","2026-08-19","1Y","[""top-picks-snapshot"",""1Y"",""^AXJO"",0.0435,1000,""2025-08-19"",""2026-08-19""]"
"RF","Regions Financial Corporation","Financials","0.2818625556806573","0.946426081569763","1.3945840943230319","0.23960413058519556","-0.1844801128636836","-0.060728354119863416","0.2220266677682925","0.8857537726394642","ok","243","^AXJO","0.0435","2026-08-19T00:20:53.734601+00:00","2025-08-19","2026-08-19","1Y","[""top-picks-snapshot"",""1Y"",""^AXJO"",0.0435,1000,""2025-08-19"",""2026-08-19""]"
"RGN.AX","REGION RE LTD","Real Estate","0.024641935262809334","-0.12920901258424594","-0.09189739957826118","0.14072305604133292","-0.1278456401549657","0.25197883274586536","0.012473206833352679","0.23988022211634896","ok","249","^AXJO","0.0435","2026-08-19T00:20:53.734601+00:00","2025-08-19","2026-08-19","1Y","[""top-picks-snapshot"",""1Y"",""^AXJO"",0.0435,1000,""2025-08-19"",""2026-08-19""]"
"RHC.AX","RAMSAY HEALTH CARE LTD","Healthcare","0.18667406770940254","0.5619154555264552","0.9423114365633525","0.2924446271927837","-0.19991158275924226","0.6178676355018793","0.19111389458066755","0.7139927310714139","ok","249","^AXJO","0.0435","2026-08-19T00:20:53.734601+00:00","2025-08-19","2026-08-19","1Y","[""top-picks-snapshot"",""1Y"",""^AXJO"",0.0435,1000,""2025-08-19"",""2026-08-19""]"
"RIO.AX","RIO TINTO LTD","Materials","0.5409496059952879","1.450243939751018","2.2227132424120164","0.28467488241053523","-0.1877924957321302","1.2880114477604812","0.46632642267370317","1.9033411612273858","ok","249","^AXJO","0.0435","2026-08-19T00:20:53.734601+00:00","2025-08-19","2026-08-19","1Y","[""top-picks-snapshot"",""1Y"",""^AXJO"",0.0435,1000,""2025-08-19"",""2026-08-19""]"
"RJF","Raymond James Financial","Financials","0.10700837769068094","0.3592370809743301","0.4825661613333342","0.24992112669656721","-0.19641755663756688","0.11564110758724722","0.10947665774559086","0.4705368340940193","ok","243","^AXJO","0.0435","2026-08-19T00:20:53.734601+00:00","2025-08-19","2026-08-19","1Y","[""top-picks-snapshot"",""1Y"",""^AXJO"",0.0435,1000,""2025-08-19"",""2026-08-19""]"
"RL","Ralph Lauren Corporation","Consumer Discretionary","0.339863818033149","0.818251892760368","1.429295154662322","0.3494888952253962","-0.17670459953876128","0.3993182808110452","0.27477974434145874","0.8150651261900816","ok","243","^AXJO","0.0435","2026-08-19T00:20:53.734601+00:00","2025-08-19","2026-08-19","1Y","[""top-picks-snapshot"",""1Y"",""^AXJO"",0.0435,1000,""2025-08-19"",""2026-08-19""]"
"RMD","ResMed|","Health Care","-0.22503415597227439","-1.0528294818483483","-1.2165741035275675","0.2805714716376461","-0.37280652529149316","0.034252564203655966","-0.32281779973858904","-0.9725201241209271","ok","243","^AXJO","0.0435","2026-08-19T00:20:53.734601+00:00","2025-08-19","2026-08-19","1Y","[""top-picks-snapshot"",""1Y"",""^AXJO"",0.0435,1000,""2025-08-19"",""2026-08-19""]"
"RMD.AX","RESMED INC","Healthcare","-0.29097509935106525","-1.268358719599584","-1.4922044063294266","0.29474977322748325","-0.42452092225737914","0.38016004763559247","-0.34705204355142305","-1.0724527387452447","ok","249","^AXJO","0.0435","2026-08-19T00:20:53.734601+00:00","2025-08-19","2026-08-19","1Y","[""top-picks-snapshot"",""1Y"",""^AXJO"",0.0435,1000,""2025-08-19"",""2026-08-19""]"
"RMS.AX","RAMELIUS RESOURCES LTD","Materials","0.3134025215216043","0.7586443346299498","1.021980244321688","0.5273731638906771","-0.4363213164798164","2.2825767345192096","0.5053137229245604","0.9624721932271464","ok","249","^AXJO","0.0435","2026-08-19T00:20:53.734601+00:00","2025-08-19","2026-08-19","1Y","[""top-picks-snapshot"",""1Y"",""^AXJO"",0.0435,1000,""2025-08-19"",""2026-08-19""]"
"ROK","Rockwell Automation","Industrials","0.2793545977228289","0.8801650441879922","1.2064860404575313","0.310990153259212","-0.18728308848486097","0.05656149524735795","0.26873868333142625","0.8646052494177111","ok","243","^AXJO","0.0435","2026-08-19T00:20:53.734601+00:00","2025-08-19","2026-08-19","1Y","[""top-picks-snapshot"",""1Y"",""^AXJO"",0.0435,1000,""2025-08-19"",""2026-08-19""]"
"ROL","Rollins, Inc.","Industrials","-0.364038494858976","-1.7994534476546193","-2.090798687966483","0.2689909263339228","-0.4446775793977523","-0.051686873753523946","-0.5296372106180682","-1.6661334815383964","ok","243","^AXJO","0.0435","2026-08-19T00:20:53.734601+00:00","2025-08-19","2026-08-19","1Y","[""top-picks-snapshot"",""1Y"",""^AXJO"",0.0435,1000,""2025-08-19"",""2026-08-19""]"
"ROP","Roper Technologies","Information Technology","-0.2533906250722553","-0.69912346609765","-1.3204855253387313","0.2885544350217831","-0.41407999001215556","-0.19831491097011286","-0.13954153572710157","-0.3535465008825198","ok","243","^AXJO","0.0435","2026-08-19T00:20:53.734601+00:00","2025-08-19","2026-08-19","1Y","[""top-picks-snapshot"",""1Y"",""^AXJO"",0.0435,1000,""2025-08-19"",""2026-08-19""]"
"ROST","Ross Stores","Consumer Discretionary","0.6129620031323411","1.780174523825807","3.1074538226933406","0.2594515454052357","-0.1303460726077641","0.0372675745224359","0.51877860926292","1.8746817862786933","ok","243","^AXJO","0.0435","2026-08-19T00:20:53.734601+00:00","2025-08-19","2026-08-19","1Y","[""top-picks-snapshot"",""1Y"",""^AXJO"",0.0435,1000,""2025-08-19"",""2026-08-19""]"
"RRL.AX","REGIS RESOURCES LTD","Materials","0.7341726569328715","1.208848064370924","1.7510032355121872","0.5788638488137208","-0.4177433488912149","2.469902190702457","0.8089296260466885","1.4277782174005176","ok","249","^AXJO","0.0435","2026-08-19T00:20:53.734601+00:00","2025-08-19","2026-08-19","1Y","[""top-picks-snapshot"",""1Y"",""^AXJO"",0.0435,1000,""2025-08-19"",""2026-08-19""]"
"RSG","Republic Services","Industrials","-0.06528741794676796","-0.2779653491186132","-0.7048562527690009","0.19036631443018864","-0.15536598387347822","-0.1646160918089116","-0.058753304685439656","-0.12895399909149297","ok","243","^AXJO","0.0435","2026-08-19T00:20:53.734601+00:00","2025-08-19","2026-08-19","1Y","[""top-picks-snapshot"",""1Y"",""^AXJO"",0.0435,1000,""2025-08-19"",""2026-08-19""]"
"RTX","RTX Corporation","Industrials","0.489241887792343","1.5715649948021548","2.44365181336203","0.2587758385978812","-0.19315615064740688","0.20252440648819633","0.37873816855726955","1.4394084290278044","ok","243","^AXJO","0.0435","2026-08-19T00:20:53.734601+00:00","2025-08-19","2026-08-19","1Y","[""top-picks-snapshot"",""1Y"",""^AXJO"",0.0435,1000,""2025-08-19"",""2026-08-19""]"
"RVTY","Revvity","Health Care","0.2476976143560743","0.8392895847070136","0.9909809274987563","0.3814304637194311","-0.3008546523854112","0.0917054518159064","0.3298766972030464","0.868007030954379","ok","243","^AXJO","0.0435","2026-08-19T00:20:53.734601+00:00","2025-08-19","2026-08-19","1Y","[""top-picks-snapshot"",""1Y"",""^AXJO"",0.0435,1000,""2025-08-19"",""2026-08-19""]"
"RWC.AX","RELIANCE WORLDWIDE CORP LTD","Industrials","0.056233649011513176","0.025785769472121956","0.38220695802297916","0.4101446660823233","-0.3166416529481674","1.1706982954818559","-0.1860030466712792","-0.6495293504960649","ok","250","^AXJO","0.0435","2026-08-19T00:20:53.734601+00:00","2025-08-19","2026-08-19","1Y","[""top-picks-snapshot"",""1Y"",""^AXJO"",0.0435,1000,""2025-08-19"",""2026-08-19""]"
"S32.AX","SOUTH32 LTD","Materials","0.6905144348356314","1.2713528331705524","2.171337370981333","0.40397805607381976","-0.2219959160984114","1.4620776968455138","0.5897516366295139","1.5616851054605088","ok","249","^AXJO","0.0435","2026-08-19T00:20:53.734601+00:00","2025-08-19","2026-08-19","1Y","[""top-picks-snapshot"",""1Y"",""^AXJO"",0.0435,1000,""2025-08-19"",""2026-08-19""]"
"SBAC","SBA Communications","Real Estate","-0.1570050546099543","-0.21679570979799842","-0.7671966846517293","0.34498784211560457","-0.2498068251779889","0.09894007428634473","-0.06869590395622277","-0.12999416650694254","ok","243","^AXJO","0.0435","2026-08-19T00:20:53.734601+00:00","2025-08-19","2026-08-19","1Y","[""top-picks-snapshot"",""1Y"",""^AXJO"",0.0435,1000,""2025-08-19"",""2026-08-19""]"
"SBUX","Starbucks","Consumer Discretionary","0.1955930234559191","0.6303169350532877","0.9743783363838412","0.2778864546887071","-0.14511044993794397","0.10927387772084735","0.13295316383070366","0.5167828394512137","ok","243","^AXJO","0.0435","2026-08-19T00:20:53.734601+00:00","2025-08-19","2026-08-19","1Y","[""top-picks-snapshot"",""1Y"",""^AXJO"",0.0435,1000,""2025-08-19"",""2026-08-19""]"
"SCG.AX","SCENTRE GROUP","Real Estate","-0.0061463842400192314","-0.26449433245646065","-0.24914335520980402","0.1804583107206434","-0.19698062492047697","0.7069282813983668","-0.0034106317089596487","0.04408939816804694","ok","249","^AXJO","0.0435","2026-08-19T00:20:53.734601+00:00","2025-08-19","2026-08-19","1Y","[""top-picks-snapshot"",""1Y"",""^AXJO"",0.0435,1000,""2025-08-19"",""2026-08-19""]"
"SCHW","Charles Schwab Corporation","Financials","0.181155075874748","0.6021877202601011","0.8189071119908278","0.24965160115835905","-0.1983441911180932","0.076617367129313","0.14330802834973674","0.5972534112561443","ok","243","^AXJO","0.0435","2026-08-19T00:20:53.734601+00:00","2025-08-19","2026-08-19","1Y","[""top-picks-snapshot"",""1Y"",""^AXJO"",0.0435,1000,""2025-08-19"",""2026-08-19""]"
"SDF.AX","STEADFAST GROUP LTD","Financials","-0.06714350913405709","-0.028616218503782154","-0.08834509372548369","0.4583184058436027","-0.3990570242746865","0.6537570946859063","0.005048831589090291","0.03830798657117301","ok","249","^AXJO","0.0435","2026-08-19T00:20:53.734601+00:00","2025-08-19","2026-08-19","1Y","[""top-picks-snapshot"",""1Y"",""^AXJO"",0.0435,1000,""2025-08-19"",""2026-08-19""]"
"SDR.AX","SITEMINDER LTD","Information Technology","-0.2547528696349023","-0.12031624588043986","-0.349934890173277","0.6236984900797492","-0.6554403940256255","2.2241512694559398","-0.013730513196346744","-0.09909501126132227","ok","249","^AXJO","0.0435","2026-08-19T00:20:53.734601+00:00","2025-08-19","2026-08-19","1Y","[""top-picks-snapshot"",""1Y"",""^AXJO"",0.0435,1000,""2025-08-19"",""2026-08-19""]"
"SEK.AX","SEEK LTD","Communication Services","-0.45591560231646944","-1.5292119228999073","-1.816240264964479","0.41154594967288105","-0.5874574656571483","0.9849977401856622","-0.5709433550798155","-1.4454245490021098","ok","249","^AXJO","0.0435","2026-08-19T00:20:53.734601+00:00","2025-08-19","2026-08-19","1Y","[""top-picks-snapshot"",""1Y"",""^AXJO"",0.0435,1000,""2025-08-19"",""2026-08-19""]"
"SFR.AX","SANDFIRE RESOURCES LTD","Materials","0.7090164514294053","1.3429613121161545","2.0028143104590654","0.4322848775650485","-0.3092444563147786","2.2150926264871575","0.684621487637214","1.7368601146162288","ok","249","^AXJO","0.0435","2026-08-19T00:20:53.734601+00:00","2025-08-19","2026-08-19","1Y","[""top-picks-snapshot"",""1Y"",""^AXJO"",0.0435,1000,""2025-08-19"",""2026-08-19""]"
"SGH.AX","SGH LTD","Industrials","-0.12888136008817674","-0.544759176461677","-0.6725743871467128","0.28080050815166796","-0.255345827732843","1.2010595522820067","-0.10186155652664272","-0.45129069794181037","ok","249","^AXJO","0.0435","2026-08-19T00:20:53.734601+00:00","2025-08-19","2026-08-19","1Y","[""top-picks-snapshot"",""1Y"",""^AXJO"",0.0435,1000,""2025-08-19"",""2026-08-19""]"
"SGM.AX","SIMS LTD","Materials","0.6174554824838707","1.216455473825558","2.0277847809802108","0.38443745693360254","-0.2340780430590158","1.481387144396082","0.6376613246985002","1.8931807346616938","ok","249","^AXJO","0.0435","2026-08-19T00:20:53.734601+00:00","2025-08-19","2026-08-19","1Y","[""top-picks-snapshot"",""1Y"",""^AXJO"",0.0435,1000,""2025-08-19"",""2026-08-19""]"
"SGP.AX","STOCKLAND","Real Estate","-0.2528175931613117","-1.0321258177649777","-1.580869340801186","0.2619274049867507","-0.4385692273666577","0.682606886203172","-0.21485690771051077","-0.8147011276595499","ok","249","^AXJO","0.0435","2026-08-19T00:20:53.734601+00:00","2025-08-19","2026-08-19","1Y","[""top-picks-snapshot"",""1Y"",""^AXJO"",0.0435,1000,""2025-08-19"",""2026-08-19""]"
"SHL.AX","SONIC HEALTHCARE LTD","Healthcare","-0.16674220851690924","-0.687803661329194","-0.981367185311651","0.26508371445462964","-0.3343349273641809","0.5684162596020199","-0.1716987810534142","-0.5972457732846568","ok","249","^AXJO","0.0435","2026-08-19T00:20:53.734601+00:00","2025-08-19","2026-08-19","1Y","[""top-picks-snapshot"",""1Y"",""^AXJO"",0.0435,1000,""2025-08-19"",""2026-08-19""]"
"SHW","Sherwin-Williams","Materials","-0.05487072751718891","-0.004401339932664709","-0.3525219659522533","0.27527535731923336","-0.21355625434187375","0.2987332549745816","0.02442537928797673","0.14261636871435093","ok","243","^AXJO","0.0435","2026-08-19T00:20:53.734601+00:00","2025-08-19","2026-08-19","1Y","[""top-picks-snapshot"",""1Y"",""^AXJO"",0.0435,1000,""2025-08-19"",""2026-08-19""]"
"SIG.AX","SIGMA HEALTHCARE LTD","Healthcare","0.03660309006780471","0.06238210562228262","0.13230447717166557","0.24076462043808922","-0.17114302439890483","0.5022565454250608","0.05068158764113449","0.2834357075554035","ok","249","^AXJO","0.0435","2026-08-19T00:20:53.734601+00:00","2025-08-19","2026-08-19","1Y","[""top-picks-snapshot"",""1Y"",""^AXJO"",0.0435,1000,""2025-08-19"",""2026-08-19""]"
"SIQ.AX","SMARTGROUP CORP LTD","Industrials","0.7006739405325699","1.8586011827169635","3.1739613132453957","0.2850976161339875","-0.16649041243490237","0.48188417583666737","0.5693496393117817","2.0364040094111773","ok","250","^AXJO","0.0435","2026-08-19T00:20:53.734601+00:00","2025-08-19","2026-08-19","1Y","[""top-picks-snapshot"",""1Y"",""^AXJO"",0.0435,1000,""2025-08-19"",""2026-08-19""]"
"SJM","J.M. Smucker Company (The)","Consumer Staples","0.10140171729532543","0.7504110336214757","0.5079490786495122","0.29119172377458247","-0.22818967955112357","0.003968059742479213","0.11112302677991595","0.4542252485878299","ok","243","^AXJO","0.0435","2026-08-19T00:20:53.734601+00:00","2025-08-19","2026-08-19","1Y","[""top-picks-snapshot"",""1Y"",""^AXJO"",0.0435,1000,""2025-08-19"",""2026-08-19""]"
"SLB","Schlumberger","Energy","0.6395751136233003","1.4937304122313795","2.33570202003379","0.3575394043100895","-0.22272019553135258","-0.10406833282103872","0.5012444113022752","1.3539318857494969","ok","243","^AXJO","0.0435","2026-08-19T00:20:53.734601+00:00","2025-08-19","2026-08-19","1Y","[""top-picks-snapshot"",""1Y"",""^AXJO"",0.0435,1000,""2025-08-19"",""2026-08-19""]"
"SMCI","Supermicro","Information Technology","-0.13482889927726316","0.08817866411942321","0.3752460467404397","0.9092839925318722","-0.650136322769673","0.16836095668565307","0.19144242103398734","0.2296479517676356","ok","243","^AXJO","0.0435","2026-08-19T00:20:53.734601+00:00","2025-08-19","2026-08-19","1Y","[""top-picks-snapshot"",""1Y"",""^AXJO"",0.0435,1000,""2025-08-19"",""2026-08-19""]"
"SNA","Snap-on","Industrials","0.24376433231174865","0.882687780065557","1.4790161851336785","0.20376653575464396","-0.08467873497373368","0.14464196359355544","0.19398256984665227","0.9209444727368231","ok","243","^AXJO","0.0435","2026-08-19T00:20:53.734601+00:00","2025-08-19","2026-08-19","1Y","[""top-picks-snapshot"",""1Y"",""^AXJO"",0.0435,1000,""2025-08-19"",""2026-08-19""]"
"SNDK","Sandisk","Information Technology","35.46881925797381","3.5822154027576474","6.42094831677539","1.1729790094500752","-0.564929329915016","-0.11766465844729491","4.424995075116069","3.69543605459833","ok","243","^AXJO","0.0435","2026-08-19T00:20:53.734601+00:00","2025-08-19","2026-08-19","1Y","[""top-picks-snapshot"",""1Y"",""^AXJO"",0.0435,1000,""2025-08-19"",""2026-08-19""]"
"SNPS","Synopsys","Information Technology","-0.3400512114053146","-0.5100041155568731","-0.596412882433116","0.5698951838455908","-0.39240196490998813","0.024576257951943223","-0.2962215816960405","-0.456441832705765","ok","243","^AXJO","0.0435","2026-08-19T00:20:53.734601+00:00","2025-08-19","2026-08-19","1Y","[""top-picks-snapshot"",""1Y"",""^AXJO"",0.0435,1000,""2025-08-19"",""2026-08-19""]"
"SO","Southern Company","Utilities","0.009876164257738296","0.125921911027181","-0.16354314220476254","0.1696627281921122","-0.1499026690724754","-0.054021855619755685","0.007118755761958959","0.1508683967420664","ok","243","^AXJO","0.0435","2026-08-19T00:20:53.734601+00:00","2025-08-19","2026-08-19","1Y","[""top-picks-snapshot"",""1Y"",""^AXJO"",0.0435,1000,""2025-08-19"",""2026-08-19""]"
"SOL.AX","WASHINGTON H SOUL PATTINSON &","Unknown","0.09762014089386772","0.1299127852760908","0.4726744711115016","0.21438914623247732","-0.2107271772973981","0.6402334504339008","0.0581692586795757","0.3469660569865605","ok","249","^AXJO","0.0435","2026-08-19T00:20:53.734601+00:00","2025-08-19","2026-08-19","1Y","[""top-picks-snapshot"",""1Y"",""^AXJO"",0.0435,1000,""2025-08-19"",""2026-08-19""]"
"SOLV","Solventum","Health Care","0.21004567607977265","0.9534626825824989","0.9797986452372723","0.30091365685477145","-0.2745530285437139","-0.0018674769813505905","0.3095542096411289","1.022038056525637","ok","243","^AXJO","0.0435","2026-08-19T00:20:53.734601+00:00","2025-08-19","2026-08-19","1Y","[""top-picks-snapshot"",""1Y"",""^AXJO"",0.0435,1000,""2025-08-19"",""2026-08-19""]"
"SPG","Simon Property Group","Real Estate","0.3214839187386713","1.1720142734736574","2.0568122416811847","0.19022095371158212","-0.11539198161389175","0.008902625201899782","0.21156260990331544","1.0402925133116288","ok","243","^AXJO","0.0435","2026-08-19T00:20:53.734601+00:00","2025-08-19","2026-08-19","1Y","[""top-picks-snapshot"",""1Y"",""^AXJO"",0.0435,1000,""2025-08-19"",""2026-08-19""]"
"SPGI","S&P Global","Financials","-0.19633763507275614","-0.5132281666644167","-0.895851693085937","0.30720484645536333","-0.29588929985833423","0.0428393238996875","-0.1737734833031598","-0.45487231435969283","ok","243","^AXJO","0.0435","2026-08-19T00:20:53.734601+00:00","2025-08-19","2026-08-19","1Y","[""top-picks-snapshot"",""1Y"",""^AXJO"",0.0435,1000,""2025-08-19"",""2026-08-19""]"
"SRE","Sempra","Utilities","0.08533713688906408","0.6108562216828649","0.41369670893132576","0.1976606269085428","-0.1530881612416658","-0.038239717428255916","0.10605246347522537","0.5651478832090405","ok","243","^AXJO","0.0435","2026-08-19T00:20:53.734601+00:00","2025-08-19","2026-08-19","1Y","[""top-picks-snapshot"",""1Y"",""^AXJO"",0.0435,1000,""2025-08-19"",""2026-08-19""]"
"STE","Steris","Health Care","-0.053860619125421616","0.1355311840116622","-0.37100645423703627","0.25429355652919117","-0.2536684980172458","0.07511578649316884","0.0011304225296071835","0.08283992676538324","ok","243","^AXJO","0.0435","2026-08-19T00:20:53.734601+00:00","2025-08-19","2026-08-19","1Y","[""top-picks-snapshot"",""1Y"",""^AXJO"",0.0435,1000,""2025-08-19"",""2026-08-19""]"
"STLD","Steel Dynamics","Materials","0.9715953334571334","1.8716117714907825","3.1467063652937375","0.35214278659476017","-0.21880809526601397","0.3358042703575434","0.7915389579811727","2.2434078117646474","ok","243","^AXJO","0.0435","2026-08-19T00:20:53.734601+00:00","2025-08-19","2026-08-19","1Y","[""top-picks-snapshot"",""1Y"",""^AXJO"",0.0435,1000,""2025-08-19"",""2026-08-19""]"
"STO.AX","SANTOS LTD","Energy","0.09670974862452675","0.25952630712986097","0.4257304320581622","0.2971323133136176","-0.2496831002652612","-0.14827018122781266","0.06492478740344082","0.32244039053876766","ok","249","^AXJO","0.0435","2026-08-19T00:20:53.734601+00:00","2025-08-19","2026-08-19","1Y","[""top-picks-snapshot"",""1Y"",""^AXJO"",0.0435,1000,""2025-08-19"",""2026-08-19""]"
"STT","State Street Corporation","Financials","0.7706758936836198","2.1126002401554627","3.4088569595984968","0.2449131001760273","-0.11791028867981757","0.05686228140550213","0.4999759812198423","1.9236728414929134","ok","243","^AXJO","0.0435","2026-08-19T00:20:53.734601+00:00","2025-08-19","2026-08-19","1Y","[""top-picks-snapshot"",""1Y"",""^AXJO"",0.0435,1000,""2025-08-19"",""2026-08-19""]"
"STX","Seagate Technology","Information Technology","4.769274126473332","2.5765692897683112","4.491452075150818","0.7375305012655454","-0.3181039728717875","0.31119288675672413","1.940348379889565","2.6091113244489144","ok","243","^AXJO","0.0435","2026-08-19T00:20:53.734601+00:00","2025-08-19","2026-08-19","1Y","[""top-picks-snapshot"",""1Y"",""^AXJO"",0.0435,1000,""2025-08-19"",""2026-08-19""]"
"STZ","Constellation Brands","Consumer Staples","-0.1872920476090043","-0.5388515515549768","-0.9088966957984925","0.30973781455059535","-0.23247898154243352","0.09619468761686152","-0.18066809408693654","-0.4946147027991558","ok","243","^AXJO","0.0435","2026-08-19T00:20:53.734601+00:00","2025-08-19","2026-08-19","1Y","[""top-picks-snapshot"",""1Y"",""^AXJO"",0.0435,1000,""2025-08-19"",""2026-08-19""]"
"SUL.AX","SUPER RETAIL GROUP LTD","Consumer Discretionary","-0.18786876928036333","-0.7458968626909733","-0.9550378140553253","0.30924383119047844","-0.3862901141070092","0.9092581809076649","-0.21087991121051383","-0.7157228437013956","ok","249","^AXJO","0.0435","2026-08-19T00:20:53.734601+00:00","2025-08-19","2026-08-19","1Y","[""top-picks-snapshot"",""1Y"",""^AXJO"",0.0435,1000,""2025-08-19"",""2026-08-19""]"
"SUN.AX","SUNCORP GROUP LTD","Financials","-0.08606350836377596","-0.5387135490750078","-0.672263984248162","0.2156810637913226","-0.3517443306186516","0.40697122873160246","-0.08321630977183817","-0.27795440611876854","ok","249","^AXJO","0.0435","2026-08-19T00:20:53.734601+00:00","2025-08-19","2026-08-19","1Y","[""top-picks-snapshot"",""1Y"",""^AXJO"",0.0435,1000,""2025-08-19"",""2026-08-19""]"
"SW","Smurfit Westrock","Materials","0.12817998091465532","0.41655996585132593","0.6050040763680952","0.44325441562497175","-0.3076435950381522","0.6309139938219347","0.22485273848209497","0.5229942131236873","ok","243","^AXJO","0.0435","2026-08-19T00:20:53.734601+00:00","2025-08-19","2026-08-19","1Y","[""top-picks-snapshot"",""1Y"",""^AXJO"",0.0435,1000,""2025-08-19"",""2026-08-19""]"
"SWK","Stanley Black & Decker","Industrials","0.35002806303118006","1.0042099135677502","1.358459443446966","0.38376576391645756","-0.2613577083930514","0.3433845695661806","0.41977893005121447","1.0996952771616242","ok","243","^AXJO","0.0435","2026-08-19T00:20:53.734601+00:00","2025-08-19","2026-08-19","1Y","[""top-picks-snapshot"",""1Y"",""^AXJO"",0.0435,1000,""2025-08-19"",""2026-08-19""]"
"SWKS","Skyworks Solutions","Information Technology","-0.06224542002737876","-0.09136863336685583","-0.003591385727109333","0.46404918788047383","-0.35235521151216276","-0.1828059840005661","-0.05202199935653521","-0.04787694352233216","ok","243","^AXJO","0.0435","2026-08-19T00:20:53.734601+00:00","2025-08-19","2026-08-19","1Y","[""top-picks-snapshot"",""1Y"",""^AXJO"",0.0435,1000,""2025-08-19"",""2026-08-19""]"
"SYF","Synchrony Financial","Financials","0.14432733681297494","0.5576074458152169","0.5968535517767908","0.3128637479411987","-0.27614270954328113","-0.047684384277622734","0.2205386863614486","0.7299717668365369","ok","243","^AXJO","0.0435","2026-08-19T00:20:53.734601+00:00","2025-08-19","2026-08-19","1Y","[""top-picks-snapshot"",""1Y"",""^AXJO"",0.0435,1000,""2025-08-19"",""2026-08-19""]"
"SYK","Stryker Corporation","Health Care","-0.14155043205383355","-0.4481983003415458","-0.7991736330441068","0.2758458976089162","-0.27804165532775404","-0.08101141880841232","-0.15264998453280892","-0.40769960142306416","ok","243","^AXJO","0.0435","2026-08-19T00:20:53.734601+00:00","2025-08-19","2026-08-19","1Y","[""top-picks-snapshot"",""1Y"",""^AXJO"",0.0435,1000,""2025-08-19"",""2026-08-19""]"
"SYY","Sysco","Consumer Staples","0.060327564007341516","0.44281431011799105","0.26308062652620867","0.27065640252986123","-0.23979820109183958","0.18067574393795383","-0.03246627211656111","-0.047650924378536984","ok","243","^AXJO","0.0435","2026-08-19T00:20:53.734601+00:00","2025-08-19","2026-08-19","1Y","[""top-picks-snapshot"",""1Y"",""^AXJO"",0.0435,1000,""2025-08-19"",""2026-08-19""]"
"T","AT&T","Communication Services","-0.1002704956187126","-0.44565024720146945","-0.6538730485775712","0.251493254123972","-0.28885413547803085","0.004220056919149027","-0.09061765411699213","-0.23335438854974577","ok","243","^AXJO","0.0435","2026-08-19T00:20:53.734601+00:00","2025-08-19","2026-08-19","1Y","[""top-picks-snapshot"",""1Y"",""^AXJO"",0.0435,1000,""2025-08-19"",""2026-08-19""]"
"TAH.AX","TABCORP HOLDINGS LTD","Consumer Discretionary","0.28445030920456715","0.5998570555752079","1.026233646640484","0.5557609116798863","-0.4206008291645894","1.0280002012436942","0.3856223397567745","0.7040112162768584","ok","249","^AXJO","0.0435","2026-08-19T00:20:53.734601+00:00","2025-08-19","2026-08-19","1Y","[""top-picks-snapshot"",""1Y"",""^AXJO"",0.0435,1000,""2025-08-19"",""2026-08-19""]"
"TAP","Molson Coors Beverage Company","Consumer Staples","-0.16793122233040902","-0.407232123969891","-0.9065212176376151","0.28159467782385095","-0.2774818583233326","-0.017505228664759006","-0.17832107853689189","-0.4990833041543445","ok","243","^AXJO","0.0435","2026-08-19T00:20:53.734601+00:00","2025-08-19","2026-08-19","1Y","[""top-picks-snapshot"",""1Y"",""^AXJO"",0.0435,1000,""2025-08-19"",""2026-08-19""]"
"TCL.AX","TRANSURBAN GROUP","Industrials","0.04126133348658212","0.14259669556903026","0.07850449579734425","0.15721816759865634","-0.09795228123632793","0.3823532827764079","0.04811893672347879","0.4172987921041139","ok","249","^AXJO","0.0435","2026-08-19T00:20:53.734601+00:00","2025-08-19","2026-08-19","1Y","[""top-picks-snapshot"",""1Y"",""^AXJO"",0.0435,1000,""2025-08-19"",""2026-08-19""]"
"TDG","TransDigm Group","Industrials","-0.05663551154134705","-0.22469126206071618","-0.32042901436236104","0.27167058170476366","-0.2187034449084052","0.06904259293126826","-0.08519116930387621","-0.2124304995090744","ok","243","^AXJO","0.0435","2026-08-19T00:20:53.734601+00:00","2025-08-19","2026-08-19","1Y","[""top-picks-snapshot"",""1Y"",""^AXJO"",0.0435,1000,""2025-08-19"",""2026-08-19""]"
"TDY","Teledyne Technologies","Information Technology","0.22433944602577593","0.8764560160780303","1.169262910029828","0.261603511867993","-0.18387182843282912","-0.02695184655884058","0.20810790155720033","0.7894996040113829","ok","243","^AXJO","0.0435","2026-08-19T00:20:53.734601+00:00","2025-08-19","2026-08-19","1Y","[""top-picks-snapshot"",""1Y"",""^AXJO"",0.0435,1000,""2025-08-19"",""2026-08-19""]"
"TECH","Bio-Techne","Health Care","0.3221937418995551","0.9270431650470501","1.1257202850483292","0.4735459799154623","-0.3925713316390177","-0.09429073451594766","0.3951065942587464","0.8373666346286762","ok","243","^AXJO","0.0435","2026-08-19T00:20:53.734601+00:00","2025-08-19","2026-08-19","1Y","[""top-picks-snapshot"",""1Y"",""^AXJO"",0.0435,1000,""2025-08-19"",""2026-08-19""]"
"TEL","TE Connectivity","Information Technology","0.018373754430632605","0.1567801659454699","0.13177349511484257","0.34416447091242464","-0.21108374533181173","0.2764293101399959","0.09127889209781834","0.30789276446023844","ok","243","^AXJO","0.0435","2026-08-19T00:20:53.734601+00:00","2025-08-19","2026-08-19","1Y","[""top-picks-snapshot"",""1Y"",""^AXJO"",0.0435,1000,""2025-08-19"",""2026-08-19""]"
"TER","Teradyne","Information Technology","2.6641202055404993","1.9072736596222624","3.2074755047423777","0.7562157660751359","-0.33984373743453655","0.48348692127861187","1.5017261310944443","1.9753119350155857","ok","243","^AXJO","0.0435","2026-08-19T00:20:53.734601+00:00","2025-08-19","2026-08-19","1Y","[""top-picks-snapshot"",""1Y"",""^AXJO"",0.0435,1000,""2025-08-19"",""2026-08-19""]"
"TFC","Truist Financial","Financials","0.23710103643365388","0.8139636386614649","1.142880748151488","0.23981992656753376","-0.20673484178990564","-0.12035807794178206","0.17220717245725914","0.7071634829938281","ok","243","^AXJO","0.0435","2026-08-19T00:20:53.734601+00:00","2025-08-19","2026-08-19","1Y","[""top-picks-snapshot"",""1Y"",""^AXJO"",0.0435,1000,""2025-08-19"",""2026-08-19""]"
"TGT","Target Corporation","Consumer Staples","0.5058319569708438","1.6708501275089838","2.0225308113372575","0.307258833273424","-0.1957593945828392","0.06344693491997891","0.5186658245448718","1.6569526956991771","ok","243","^AXJO","0.0435","2026-08-19T00:20:53.734601+00:00","2025-08-19","2026-08-19","1Y","[""top-picks-snapshot"",""1Y"",""^AXJO"",0.0435,1000,""2025-08-19"",""2026-08-19""]"
"TJX","TJX Companies","Consumer Discretionary","0.1342329542195171","0.5308360327435943","0.7667655681679649","0.1979581972490607","-0.10890916601065614","0.08738638829891011","0.1523091351544969","0.7714536185064323","ok","243","^AXJO","0.0435","2026-08-19T00:20:53.734601+00:00","2025-08-19","2026-08-19","1Y","[""top-picks-snapshot"",""1Y"",""^AXJO"",0.0435,1000,""2025-08-19"",""2026-08-19""]"
"TKO","TKO Group Holdings","Communication Services","0.05513951928003813","0.32503579818076705","0.27353179711733033","0.31035282208457915","-0.19605814901570628","-0.15223012500503028","0.21249789219490228","0.6960115438468842","ok","243","^AXJO","0.0435","2026-08-19T00:20:53.734601+00:00","2025-08-19","2026-08-19","1Y","[""top-picks-snapshot"",""1Y"",""^AXJO"",0.0435,1000,""2025-08-19"",""2026-08-19""]"
"TLC.AX","LOTTERY CORP LTD/THE","Consumer Discretionary","0.03378104394472037","-0.21738235612081153","0.07796364958570784","0.20412026957807927","-0.1608039158195742","0.4064286406257486","-0.0199377057870644","0.006942522549959925","ok","249","^AXJO","0.0435","2026-08-19T00:20:53.734601+00:00","2025-08-19","2026-08-19","1Y","[""top-picks-snapshot"",""1Y"",""^AXJO"",0.0435,1000,""2025-08-19"",""2026-08-19""]"
"TLS.AX","TELSTRA GROUP LTD","Communication Services","-0.0018632288040151268","-0.5093361187207659","-0.3314843439655374","0.1484991698163245","-0.14594601653688388","0.1319740092452158","-0.05497881244729174","-0.13180765189924296","ok","249","^AXJO","0.0435","2026-08-19T00:20:53.734601+00:00","2025-08-19","2026-08-19","1Y","[""top-picks-snapshot"",""1Y"",""^AXJO"",0.0435,1000,""2025-08-19"",""2026-08-19""]"
"TLX.AX","TELIX PHARMACEUTICALS LTD","Healthcare","-0.043924724906044266","-0.09874117582133869","0.19135738120734577","0.5677862641237448","-0.544109879803788","0.9498028158730878","-0.04065268555336036","-0.07028559011590625","ok","249","^AXJO","0.0435","2026-08-19T00:20:53.734601+00:00","2025-08-19","2026-08-19","1Y","[""top-picks-snapshot"",""1Y"",""^AXJO"",0.0435,1000,""2025-08-19"",""2026-08-19""]"
"TMO","Thermo Fisher Scientific","Health Care","0.18643234125396213","0.6993228649957004","0.9093084438737079","0.30410537957060957","-0.31382701724697426","-0.017217607766064853","0.1663066907351411","0.5711778867932754","ok","243","^AXJO","0.0435","2026-08-19T00:20:53.734601+00:00","2025-08-19","2026-08-19","1Y","[""top-picks-snapshot"",""1Y"",""^AXJO"",0.0435,1000,""2025-08-19"",""2026-08-19""]"
"TMUS","T-Mobile US","Communication Services","-0.27893384811636757","-1.2400528617295294","-1.4816318740054044","0.2925523416325826","-0.340216045896248","-0.025134781113838614","-0.4111302216725542","-1.19328583256607","ok","243","^AXJO","0.0435","2026-08-19T00:20:53.734601+00:00","2025-08-19","2026-08-19","1Y","[""top-picks-snapshot"",""1Y"",""^AXJO"",0.0435,1000,""2025-08-19"",""2026-08-19""]"
"TNE.AX","TECHNOLOGY ONE LTD","Information Technology","-0.14266507059102296","-0.24718421738222568","-0.323231955639592","0.42807856164346336","-0.49602582418669383","1.2028538890172435","-0.04917823401518421","-0.1394170142485473","ok","249","^AXJO","0.0435","2026-08-19T00:20:53.734601+00:00","2025-08-19","2026-08-19","1Y","[""top-picks-snapshot"",""1Y"",""^AXJO"",0.0435,1000,""2025-08-19"",""2026-08-19""]"
"TPG.AX","TPG TELECOM LTD","Communication Services","-0.28909729294352937","-0.7319179730409646","-0.8483654795363376","0.3765853866423553","-0.36910850385794125","0.48356726334730904","-0.24665105813826135","-0.6001116885258937","ok","249","^AXJO","0.0435","2026-08-19T00:20:53.734601+00:00","2025-08-19","2026-08-19","1Y","[""top-picks-snapshot"",""1Y"",""^AXJO"",0.0435,1000,""2025-08-19"",""2026-08-19""]"
"TPL","Texas Pacific Land Corporation","Energy","0.2225303252897839","0.6435255134858077","0.8250527921087247","0.48332396710019737","-0.3679562924378317","-0.2999672551627196","0.32432047069394204","0.6855164230603801","ok","243","^AXJO","0.0435","2026-08-19T00:20:53.734601+00:00","2025-08-19","2026-08-19","1Y","[""top-picks-snapshot"",""1Y"",""^AXJO"",0.0435,1000,""2025-08-19"",""2026-08-19""]"
"TPR","Tapestry, Inc.","Consumer Discretionary","0.3680927446562521","0.7739160833536659","1.1713959963014746","0.4079165672109659","-0.2208399056877558","0.04156411752780647","0.2900554075725897","0.7263536093852813","ok","243","^AXJO","0.0435","2026-08-19T00:20:53.734601+00:00","2025-08-19","2026-08-19","1Y","[""top-picks-snapshot"",""1Y"",""^AXJO"",0.0435,1000,""2025-08-19"",""2026-08-19""]"
"TPW.AX","TEMPLE & WEBSTER GROUP LTD","Consumer Discretionary","-0.7876366675813063","-1.8230752483603718","-2.1333189837953905","0.7254163494676276","-0.8164631760758528","1.598560903640773","-1.257714154482175","-1.8102209165604626","ok","249","^AXJO","0.0435","2026-08-19T00:20:53.734601+00:00","2025-08-19","2026-08-19","1Y","[""top-picks-snapshot"",""1Y"",""^AXJO"",0.0435,1000,""2025-08-19"",""2026-08-19""]"
"TRGP","Targa Resources","Energy","0.8919758152437105","2.1703065398601367","3.365902188338805","0.2930035057145016","-0.16011251488759692","-0.3600606847582389","0.5294712673911572","1.6870854174657541","ok","243","^AXJO","0.0435","2026-08-19T00:20:53.734601+00:00","2025-08-19","2026-08-19","1Y","[""top-picks-snapshot"",""1Y"",""^AXJO"",0.0435,1000,""2025-08-19"",""2026-08-19""]"
"TRMB","Trimble Inc.","Information Technology","-0.29746055536384886","-0.7876274692778189","-1.4093812757479451","0.3175872283086968","-0.41487067892570595","-0.049703177100439394","-0.2246188571618783","-0.5786307972427207","ok","243","^AXJO","0.0435","2026-08-19T00:20:53.734601+00:00","2025-08-19","2026-08-19","1Y","[""top-picks-snapshot"",""1Y"",""^AXJO"",0.0435,1000,""2025-08-19"",""2026-08-19""]"
"TROW","T. Rowe Price","Financials","0.09210546787495266","0.43994873693531883","0.42253538983779076","0.2514292560885869","-0.1975633072377715","0.04943031201726638","0.13658863540383046","0.5632169478272199","ok","243","^AXJO","0.0435","2026-08-19T00:20:53.734601+00:00","2025-08-19","2026-08-19","1Y","[""top-picks-snapshot"",""1Y"",""^AXJO"",0.0435,1000,""2025-08-19"",""2026-08-19""]"
"TRV","Travelers Companies (The)","Financials","0.3902015840899613","1.4586399163308816","2.4536612444809047","0.20835237454388253","-0.08310643986670685","-0.16454610367687691","0.30544016775439725","1.3034042386949949","ok","243","^AXJO","0.0435","2026-08-19T00:20:53.734601+00:00","2025-08-19","2026-08-19","1Y","[""top-picks-snapshot"",""1Y"",""^AXJO"",0.0435,1000,""2025-08-19"",""2026-08-19""]"
"TSCO","Tractor Supply","Consumer Discretionary","-0.4308884475352124","-1.2851404443504042","-2.143947091694237","0.3206705923639865","-0.5269463217482326","-0.012048537230409146","-0.42491780317954586","-1.1848074537766522","ok","243","^AXJO","0.0435","2026-08-19T00:20:53.734601+00:00","2025-08-19","2026-08-19","1Y","[""top-picks-snapshot"",""1Y"",""^AXJO"",0.0435,1000,""2025-08-19"",""2026-08-19""]"
"TSLA","Tesla, Inc.","Consumer Discretionary","0.022957084858161947","0.12362557451225273","0.26420128778546076","0.46437777846939476","-0.39103453018952694","0.2818817162231809","0.20226844820817638","0.4653784745967395","ok","243","^AXJO","0.0435","2026-08-19T00:20:53.734601+00:00","2025-08-19","2026-08-19","1Y","[""top-picks-snapshot"",""1Y"",""^AXJO"",0.0435,1000,""2025-08-19"",""2026-08-19""]"
"TSN","Tyson Foods","Consumer Staples","0.05816561287924915","0.20558145116981863","0.2747319917877581","0.25637937428469915","-0.1865100099206738","0.09106341348768925","0.04342838471097404","0.23210864445914148","ok","243","^AXJO","0.0435","2026-08-19T00:20:53.734601+00:00","2025-08-19","2026-08-19","1Y","[""top-picks-snapshot"",""1Y"",""^AXJO"",0.0435,1000,""2025-08-19"",""2026-08-19""]"
"TT","Trane Technologies","Industrials","0.08818612353973743","0.09054039654178862","0.4091198256862669","0.28468380529061704","-0.16097178239927312","0.2167596621592376","-0.0037058048425089724","0.04966049572705577","ok","243","^AXJO","0.0435","2026-08-19T00:20:53.734601+00:00","2025-08-19","2026-08-19","1Y","[""top-picks-snapshot"",""1Y"",""^AXJO"",0.0435,1000,""2025-08-19"",""2026-08-19""]"
"TTD","Trade Desk (The)","Communication Services","-0.7445269295992629","-2.0861656925599257","-2.7890277735957776","0.5700009166181929","-0.7581286091817888","0.07712865003780132","-1.0533473671614844","-1.7576102362874875","ok","243","^AXJO","0.0435","2026-08-19T00:20:53.734601+00:00","2025-08-19","2026-08-19","1Y","[""top-picks-snapshot"",""1Y"",""^AXJO"",0.0435,1000,""2025-08-19"",""2026-08-19""]"
"TTWO","Take-Two Interactive","Communication Services","0.061481841165735185","0.12253550023746851","0.3003198022001975","0.3188007374251274","-0.27679287711442335","0.12054934649743473","0.0449946516273294","0.1929875204571848","ok","243","^AXJO","0.0435","2026-08-19T00:20:53.734601+00:00","2025-08-19","2026-08-19","1Y","[""top-picks-snapshot"",""1Y"",""^AXJO"",0.0435,1000,""2025-08-19"",""2026-08-19""]"
"TWE.AX","TREASURY WINE ESTATES LTD","Consumer Staples","-0.28185258337179864","-0.565053568397973","-0.9344246116469941","0.4398339885563177","-0.5757068114124353","0.7809867746726478","-0.18562461316362383","-0.41128169531596376","ok","249","^AXJO","0.0435","2026-08-19T00:20:53.734601+00:00","2025-08-19","2026-08-19","1Y","[""top-picks-snapshot"",""1Y"",""^AXJO"",0.0435,1000,""2025-08-19"",""2026-08-19""]"
"TXN","Texas Instruments","Information Technology","0.4253863814176768","0.7132912741677689","1.6049259133466716","0.42459468601189776","-0.2492546028199898","0.03088328241860052","0.30731762646366945","0.7412136731269876","ok","243","^AXJO","0.0435","2026-08-19T00:20:53.734601+00:00","2025-08-19","2026-08-19","1Y","[""top-picks-snapshot"",""1Y"",""^AXJO"",0.0435,1000,""2025-08-19"",""2026-08-19""]"
"TXT","Textron","Industrials","0.09448940165602782","0.3474064760805204","0.4262462426343267","0.2665691836791116","-0.15354932602517934","0.055262459853668566","0.11837907794328922","0.4780278913931096","ok","243","^AXJO","0.0435","2026-08-19T00:20:53.734601+00:00","2025-08-19","2026-08-19","1Y","[""top-picks-snapshot"",""1Y"",""^AXJO"",0.0435,1000,""2025-08-19"",""2026-08-19""]"
"TYL","Tyler Technologies","Information Technology","-0.4174411921473937","-1.1836765142815908","-1.5936556834674847","0.40232281286566135","-0.5172903863155214","-0.2755077495566566","-0.4958429530383061","-1.065445326174927","ok","243","^AXJO","0.0435","2026-08-19T00:20:53.734601+00:00","2025-08-19","2026-08-19","1Y","[""top-picks-snapshot"",""1Y"",""^AXJO"",0.0435,1000,""2025-08-19"",""2026-08-19""]"
"UAL","United Airlines Holdings","Industrials","0.16175749470966938","0.3542244016528315","0.7172314339404765","0.4787380132282136","-0.27499361891014884","0.06509191669142653","0.27328596580788783","0.5971601404322772","ok","243","^AXJO","0.0435","2026-08-19T00:20:53.734601+00:00","2025-08-19","2026-08-19","1Y","[""top-picks-snapshot"",""1Y"",""^AXJO"",0.0435,1000,""2025-08-19"",""2026-08-19""]"
"UBER","Uber","Industrials","-0.21674355957679114","-0.5131739601007799","-0.9127704177549752","0.3551021740328226","-0.3412587068275156","0.34317012494953725","-0.1597351478062034","-0.38892102809032103","ok","243","^AXJO","0.0435","2026-08-19T00:20:53.734601+00:00","2025-08-19","2026-08-19","1Y","[""top-picks-snapshot"",""1Y"",""^AXJO"",0.0435,1000,""2025-08-19"",""2026-08-19""]"
"UDR","UDR, Inc.","Real Estate","-0.003316666796510881","0.041980239208769345","-0.179374704066578","0.2045651946650842","-0.1556450199685392","-0.10603216102166131","0.01607455515612726","0.17208489125576157","ok","243","^AXJO","0.0435","2026-08-19T00:20:53.734601+00:00","2025-08-19","2026-08-19","1Y","[""top-picks-snapshot"",""1Y"",""^AXJO"",0.0435,1000,""2025-08-19"",""2026-08-19""]"
"UHS","Universal Health Services","Health Care","-0.04781352511995063","-0.13006722112633337","-0.17188607731143885","0.3199290183350378","-0.42002486221094393","0.08384614629405406","-0.07530594996111784","-0.15421485129251267","ok","243","^AXJO","0.0435","2026-08-19T00:20:53.734601+00:00","2025-08-19","2026-08-19","1Y","[""top-picks-snapshot"",""1Y"",""^AXJO"",0.0435,1000,""2025-08-19"",""2026-08-19""]"
"ULTA","Ulta Beauty","Consumer Discretionary","0.00036782972780247114","-0.3566054157825637","0.0830261475012934","0.3578934296450382","-0.3622846052329689","0.15078963448351101","-0.12851291404050785","-0.29742215417604256","ok","243","^AXJO","0.0435","2026-08-19T00:20:53.734601+00:00","2025-08-19","2026-08-19","1Y","[""top-picks-snapshot"",""1Y"",""^AXJO"",0.0435,1000,""2025-08-19"",""2026-08-19""]"
"UNH","UnitedHealth Group","Health Care","0.3294773064554686","0.9735793665081757","1.198050864048498","0.3555630277592598","-0.28960656735675405","-0.021916074608857257","0.43464045501734494","1.47977709847836","ok","243","^AXJO","0.0435","2026-08-19T00:20:53.734601+00:00","2025-08-19","2026-08-19","1Y","[""top-picks-snapshot"",""1Y"",""^AXJO"",0.0435,1000,""2025-08-19"",""2026-08-19""]"
"UNP","Union Pacific Corporation","Industrials","0.3653454762935555","1.3559669024338024","2.1135667756310665","0.2221316588011312","-0.12282281291961794","0.02796559131738379","0.304410241019662","1.2860319321914602","ok","243","^AXJO","0.0435","2026-08-19T00:20:53.734601+00:00","2025-08-19","2026-08-19","1Y","[""top-picks-snapshot"",""1Y"",""^AXJO"",0.0435,1000,""2025-08-19"",""2026-08-19""]"
"UPS","United Parcel Service","Industrials","0.23719037989228053","0.8177523452338492","1.0098147907302724","0.2942781894165222","-0.19898296108858515","0.022578581859680966","0.28572415033363735","0.9535512686912526","ok","243","^AXJO","0.0435","2026-08-19T00:20:53.734601+00:00","2025-08-19","2026-08-19","1Y","[""top-picks-snapshot"",""1Y"",""^AXJO"",0.0435,1000,""2025-08-19"",""2026-08-19""]"
"URI","United Rentals","Industrials","0.22919123629591787","0.5418873651091858","0.9732495549100767","0.4309733711664399","-0.3004273025008637","-0.05147989713343762","0.2835068247263183","0.6706138881308339","ok","243","^AXJO","0.0435","2026-08-19T00:20:53.734601+00:00","2025-08-19","2026-08-19","1Y","[""top-picks-snapshot"",""1Y"",""^AXJO"",0.0435,1000,""2025-08-19"",""2026-08-19""]"
"USB","U.S. Bancorp","Financials","0.4579647856082343","1.4889514170010343","2.442124289516634","0.2220870648044018","-0.16213542300474593","-0.09347443323472288","0.31387222236393314","1.2845802965267088","ok","243","^AXJO","0.0435","2026-08-19T00:20:53.734601+00:00","2025-08-19","2026-08-19","1Y","[""top-picks-snapshot"",""1Y"",""^AXJO"",0.0435,1000,""2025-08-19"",""2026-08-19""]"
"V","Visa Inc.","Financials","0.0721655855851","0.31529567193931074","0.3517582743335873","0.22015603945064233","-0.17180513781287055","0.013950095288613752","0.05154081410997008","0.29418424281771677","ok","243","^AXJO","0.0435","2026-08-19T00:20:53.734601+00:00","2025-08-19","2026-08-19","1Y","[""top-picks-snapshot"",""1Y"",""^AXJO"",0.0435,1000,""2025-08-19"",""2026-08-19""]"
"VAU.AX","VAULT MINERALS LTD","Materials","1.2247346979689504","1.5783044860070423","2.43204598501809","0.5819975265876693","-0.4180701733079286","2.430371914204974","1.0378099404556465","1.8490499329528254","ok","249","^AXJO","0.0435","2026-08-19T00:20:53.734601+00:00","2025-08-19","2026-08-19","1Y","[""top-picks-snapshot"",""1Y"",""^AXJO"",0.0435,1000,""2025-08-19"",""2026-08-19""]"
"VCX.AX","VICINITY LTD","Real Estate","0.06576462499503877","0.04408132728837312","0.27161974394893484","0.20634183674057108","-0.12920363298836335","0.5996504096907943","0.05399447585118548","0.3464102180161545","ok","249","^AXJO","0.0435","2026-08-19T00:20:53.734601+00:00","2025-08-19","2026-08-19","1Y","[""top-picks-snapshot"",""1Y"",""^AXJO"",0.0435,1000,""2025-08-19"",""2026-08-19""]"
"VEA.AX","VIVA ENERGY GROUP LTD","Energy","0.41897553770016405","0.8841074362020815","1.3821404282207523","0.43097102427713696","-0.23773588368628573","-0.4030991668631632","0.35136460931667957","0.8667408648983088","ok","249","^AXJO","0.0435","2026-08-19T00:20:53.734601+00:00","2025-08-19","2026-08-19","1Y","[""top-picks-snapshot"",""1Y"",""^AXJO"",0.0435,1000,""2025-08-19"",""2026-08-19""]"
"VEEV","Veeva Systems","Health Care","-0.14629859402349177","-0.24036062362506264","-0.4284538376854164","0.4042654154131084","-0.5054862776039226","0.06719679132087375","-0.06827587973823482","-0.10700248065106542","ok","243","^AXJO","0.0435","2026-08-19T00:20:53.734601+00:00","2025-08-19","2026-08-19","1Y","[""top-picks-snapshot"",""1Y"",""^AXJO"",0.0435,1000,""2025-08-19"",""2026-08-19""]"
"VICI","Vici Properties","Real Estate","-0.150372260521196","-0.9625332285803063","-1.4198970687542851","0.18091901630859816","-0.18332109905318095","0.0872225561849566","-0.19966767697897664","-0.8311064969255655","ok","243","^AXJO","0.0435","2026-08-19T00:20:53.734601+00:00","2025-08-19","2026-08-19","1Y","[""top-picks-snapshot"",""1Y"",""^AXJO"",0.0435,1000,""2025-08-19"",""2026-08-19""]"
"VLO","Valero Energy","Energy","1.5916897827379266","2.6636647561388758","4.5866706900817995","0.3624287109029934","-0.12117164005456449","-0.6311120398768801","0.9788183874597932","2.4578829090293475","ok","243","^AXJO","0.0435","2026-08-19T00:20:53.734601+00:00","2025-08-19","2026-08-19","1Y","[""top-picks-snapshot"",""1Y"",""^AXJO"",0.0435,1000,""2025-08-19"",""2026-08-19""]"
"VLTO","Veralto","Industrials","-0.10654846774333737","-0.35500786670785495","-0.8134740466219401","0.22815402494370982","-0.24373210421194302","0.12223141310493664","-0.06797503253298198","-0.1828090273213968","ok","243","^AXJO","0.0435","2026-08-19T00:20:53.734601+00:00","2025-08-19","2026-08-19","1Y","[""top-picks-snapshot"",""1Y"",""^AXJO"",0.0435,1000,""2025-08-19"",""2026-08-19""]"
"VMC","Vulcan Materials Company","Materials","-0.06543097251096186","-0.05886064917753882","-0.34647512607105463","0.2799489352861652","-0.22054987636171208","0.24324931893275692","0.04256641330471898","0.21601874964039247","ok","243","^AXJO","0.0435","2026-08-19T00:20:53.734601+00:00","2025-08-19","2026-08-19","1Y","[""top-picks-snapshot"",""1Y"",""^AXJO"",0.0435,1000,""2025-08-19"",""2026-08-19""]"
"VNT.AX","VENTIA SERVICES GROUP PTY LTD","Industrials","0.11330329617343815","0.3623614058963247","0.5297713573053516","0.2627435978437212","-0.20096435285279624","0.8532857724877109","0.13405054428488264","0.5715812529696158","ok","249","^AXJO","0.0435","2026-08-19T00:20:53.734601+00:00","2025-08-19","2026-08-19","1Y","[""top-picks-snapshot"",""1Y"",""^AXJO"",0.0435,1000,""2025-08-19"",""2026-08-19""]"
"VRSK","Verisk Analytics","Industrials","-0.3340282370319868","-0.971919434841538","-1.4819992539884004","0.34346248906691174","-0.42191557591977347","-0.18981359782956228","-0.37403686242638","-0.911664244608898","ok","243","^AXJO","0.0435","2026-08-19T00:20:53.734601+00:00","2025-08-19","2026-08-19","1Y","[""top-picks-snapshot"",""1Y"",""^AXJO"",0.0435,1000,""2025-08-19"",""2026-08-19""]"
"VRSN","Verisign","Information Technology","0.03765625262826422","0.44421219515164984","0.16860306133895026","0.285594672706779","-0.26415280651115014","-0.16988584747646054","0.09696097300707031","0.4000600607763912","ok","243","^AXJO","0.0435","2026-08-19T00:20:53.734601+00:00","2025-08-19","2026-08-19","1Y","[""top-picks-snapshot"",""1Y"",""^AXJO"",0.0435,1000,""2025-08-19"",""2026-08-19""]"
"VRT","Vertiv","Industrials","1.1142209830240235","1.1868725085357275","2.2063197482247574","0.6539406493245592","-0.40704781213947394","0.4703462342346712","0.8946554369122426","1.3762529001942234","ok","243","^AXJO","0.0435","2026-08-19T00:20:53.734601+00:00","2025-08-19","2026-08-19","1Y","[""top-picks-snapshot"",""1Y"",""^AXJO"",0.0435,1000,""2025-08-19"",""2026-08-19""]"
"VRTX","Vertex Pharmaceuticals","Health Care","0.3516992252052884","0.9456736632584536","1.7848050008884904","0.2826188385333772","-0.15211254913322614","0.01905601244472478","0.26616880026243495","0.933895823114126","ok","243","^AXJO","0.0435","2026-08-19T00:20:53.734601+00:00","2025-08-19","2026-08-19","1Y","[""top-picks-snapshot"",""1Y"",""^AXJO"",0.0435,1000,""2025-08-19"",""2026-08-19""]"
"VST","Vistra Corp.","Utilities","-0.27006448618324197","-0.6296959695810637","-0.6471768124162723","0.4954437642545714","-0.3801310259362448","-0.079914494548971","-0.30805429460571127","-0.546059617621958","ok","243","^AXJO","0.0435","2026-08-19T00:20:53.734601+00:00","2025-08-19","2026-08-19","1Y","[""top-picks-snapshot"",""1Y"",""^AXJO"",0.0435,1000,""2025-08-19"",""2026-08-19""]"
"VTR","Ventas","Real Estate","0.3763480651361355","1.216880545273475","1.9990345487767949","0.22485055556045924","-0.13498458032030558","-0.12472568734902412","0.2869088421285146","1.1849641991167874","ok","243","^AXJO","0.0435","2026-08-19T00:20:53.734601+00:00","2025-08-19","2026-08-19","1Y","[""top-picks-snapshot"",""1Y"",""^AXJO"",0.0435,1000,""2025-08-19"",""2026-08-19""]"
"VTRS","Viatris","Health Care","0.5737167049418892","1.5687587414281914","2.350757802459431","0.3216582726240517","-0.18966095132284888","0.24138390730312073","0.5371296373372764","1.6258534274777483","ok","243","^AXJO","0.0435","2026-08-19T00:20:53.734601+00:00","2025-08-19","2026-08-19","1Y","[""top-picks-snapshot"",""1Y"",""^AXJO"",0.0435,1000,""2025-08-19"",""2026-08-19""]"
"VZ","Verizon","Communication Services","0.1538877980781821","0.5809387047091785","0.8418192829659279","0.25042090227196906","-0.1704639354823133","-0.06868346938407885","0.15063516697106205","0.6083153017569789","ok","243","^AXJO","0.0435","2026-08-19T00:20:53.734601+00:00","2025-08-19","2026-08-19","1Y","[""top-picks-snapshot"",""1Y"",""^AXJO"",0.0435,1000,""2025-08-19"",""2026-08-19""]"
"WAB","Wabtec","Industrials","0.5351451891879346","1.506388101893861","2.670832717110097","0.26517100204197946","-0.10846739528051175","0.15086165140891228","0.4188313600447931","1.5164303404379784","ok","243","^AXJO","0.0435","2026-08-19T00:20:53.734601+00:00","2025-08-19","2026-08-19","1Y","[""top-picks-snapshot"",""1Y"",""^AXJO"",0.0435,1000,""2025-08-19"",""2026-08-19""]"
"WAF.AX","WEST AFRICAN RESOURCES LTD","Materials","0.29104475819419284","0.7651059256861423","1.0084527669529668","0.4637299050387007","-0.31713554534956034","2.01975570849017","0.4426121573455376","0.9783939267085187","ok","249","^AXJO","0.0435","2026-08-19T00:20:53.734601+00:00","2025-08-19","2026-08-19","1Y","[""top-picks-snapshot"",""1Y"",""^AXJO"",0.0435,1000,""2025-08-19"",""2026-08-19""]"
"WAT","Waters Corporation","Health Care","0.34774284010078627","1.0374888277629983","1.3512776173546142","0.3637544795148067","-0.31323022869097616","-0.16240895366270658","0.38817883813772097","1.0398400457854162","ok","243","^AXJO","0.0435","2026-08-19T00:20:53.734601+00:00","2025-08-19","2026-08-19","1Y","[""top-picks-snapshot"",""1Y"",""^AXJO"",0.0435,1000,""2025-08-19"",""2026-08-19""]"
"WBC.AX","WESTPAC BANKING CORP","Financials","-0.032867256511089016","-0.3630192295908225","-0.3451586960183995","0.21031123271532853","-0.18070434129492108","1.0490493585389558","-0.028150642150402857","-0.17895087741296511","ok","250","^AXJO","0.0435","2026-08-19T00:20:53.734601+00:00","2025-08-19","2026-08-19","1Y","[""top-picks-snapshot"",""1Y"",""^AXJO"",0.0435,1000,""2025-08-19"",""2026-08-19""]"
"WBD","Warner Bros. Discovery","Communication Services","1.4636676910415418","2.1592455425047725","6.093272217415926","0.434763920441577","-0.1567711450085042","-0.13744972373204523","0.9817915789280456","2.1572921244716516","ok","243","^AXJO","0.0435","2026-08-19T00:20:53.734601+00:00","2025-08-19","2026-08-19","1Y","[""top-picks-snapshot"",""1Y"",""^AXJO"",0.0435,1000,""2025-08-19"",""2026-08-19""]"
"WDAY","Workday, Inc.","Information Technology","-0.1703947078780813","-0.0164431116337095","-0.26984661409329574","0.5311197594588905","-0.5458032262460286","-0.2524305005553529","0.051889835813497084","0.1448771245922095","ok","243","^AXJO","0.0435","2026-08-19T00:20:53.734601+00:00","2025-08-19","2026-08-19","1Y","[""top-picks-snapshot"",""1Y"",""^AXJO"",0.0435,1000,""2025-08-19"",""2026-08-19""]"
"WDC","Western Digital","Information Technology","5.558194591341403","2.5265758171638373","4.4350330402344555","0.7960357090161807","-0.4180078539324299","0.613990012153013","2.0478095117009816","2.5517859803558967","ok","243","^AXJO","0.0435","2026-08-19T00:20:53.734601+00:00","2025-08-19","2026-08-19","1Y","[""top-picks-snapshot"",""1Y"",""^AXJO"",0.0435,1000,""2025-08-19"",""2026-08-19""]"
"WDS.AX","WOODSIDE ENERGY GROUP LTD","Energy","0.3466104158647494","0.8786826099664126","1.3767254413224872","0.300512480937381","-0.23379885782846754","-0.3816568356016444","0.24278541710257823","0.8505217706684495","ok","250","^AXJO","0.0435","2026-08-19T00:20:53.734601+00:00","2025-08-19","2026-08-19","1Y","[""top-picks-snapshot"",""1Y"",""^AXJO"",0.0435,1000,""2025-08-19"",""2026-08-19""]"
"WEB.AX","WEBJET LTD","Consumer Discretionary","-0.2115812600650877","-0.23216405641794752","-0.25996976771157015","0.5793080552697025","-0.5566600544618163","2.2101854726222356","-0.07352875772143815","-0.2178767332557414","ok","249","^AXJO","0.0435","2026-08-19T00:20:53.734601+00:00","2025-08-19","2026-08-19","1Y","[""top-picks-snapshot"",""1Y"",""^AXJO"",0.0435,1000,""2025-08-19"",""2026-08-19""]"
"WEC","WEC Energy Group","Utilities","0.058698656132301075","0.3043413552325757","0.23809843037771758","0.15830368945215834","-0.11222418446354787","-0.04786843802855644","0.035330561094186065","0.29285958355592034","ok","243","^AXJO","0.0435","2026-08-19T00:20:53.734601+00:00","2025-08-19","2026-08-19","1Y","[""top-picks-snapshot"",""1Y"",""^AXJO"",0.0435,1000,""2025-08-19"",""2026-08-19""]"
"WELL","Welltower","Real Estate","0.46057484366530943","1.5177029888783526","2.3499527600578114","0.22854002584663285","-0.12611663093447678","-0.04536618632871095","0.35291085508112097","1.4459881541128616","ok","243","^AXJO","0.0435","2026-08-19T00:20:53.734601+00:00","2025-08-19","2026-08-19","1Y","[""top-picks-snapshot"",""1Y"",""^AXJO"",0.0435,1000,""2025-08-19"",""2026-08-19""]"
"WES.AX","WESFARMERS LTD","Consumer Discretionary","-0.041761961239345835","-0.5277613462197109","-0.39805080107110397","0.2096772133942152","-0.23414509832957675","0.6359566526257856","-0.08026487355285292","-0.33682545177357104","ok","249","^AXJO","0.0435","2026-08-19T00:20:53.734601+00:00","2025-08-19","2026-08-19","1Y","[""top-picks-snapshot"",""1Y"",""^AXJO"",0.0435,1000,""2025-08-19"",""2026-08-19""]"
"WFC","Wells Fargo","Financials","0.15188832899520177","0.36371953225758413","0.7116499999300088","0.26321541456202924","-0.2301829909719777","0.04711384963266047","0.07515390058258661","0.3348816256203357","ok","243","^AXJO","0.0435","2026-08-19T00:20:53.734601+00:00","2025-08-19","2026-08-19","1Y","[""top-picks-snapshot"",""1Y"",""^AXJO"",0.0435,1000,""2025-08-19"",""2026-08-19""]"
"WGX.AX","WESTGOLD RESOURCES LTD","Materials","0.8481182031781886","1.373251027537535","1.9722800323438996","0.5582278159391405","-0.45962735384289866","2.587807883462985","0.8655864191119659","1.610635370981152","ok","249","^AXJO","0.0435","2026-08-19T00:20:53.734601+00:00","2025-08-19","2026-08-19","1Y","[""top-picks-snapshot"",""1Y"",""^AXJO"",0.0435,1000,""2025-08-19"",""2026-08-19""]"
"WHC.AX","WHITEHAVEN COAL LTD","Energy","0.18534835172270991","0.5808053079205954","0.755752146345855","0.3738593278455204","-0.2906504155655153","-0.08190847340493677","0.21649563383285012","0.6396990405862782","ok","249","^AXJO","0.0435","2026-08-19T00:20:53.734601+00:00","2025-08-19","2026-08-19","1Y","[""top-picks-snapshot"",""1Y"",""^AXJO"",0.0435,1000,""2025-08-19"",""2026-08-19""]"
"WM","Waste Management","Industrials","-0.005806104039120297","-0.03676305911683788","-0.20255383828499632","0.20129894389258932","-0.14137733444888956","-0.12957354274739147","-0.016736077554028016","0.041603950158529794","ok","243","^AXJO","0.0435","2026-08-19T00:20:53.734601+00:00","2025-08-19","2026-08-19","1Y","[""top-picks-snapshot"",""1Y"",""^AXJO"",0.0435,1000,""2025-08-19"",""2026-08-19""]"
"WMB","Williams Companies","Energy","0.3702175406881296","1.3688110572876686","1.8898877751282885","0.23423325309427742","-0.12360428964224135","-0.040667084428655","0.2688320353992214","1.0934328525100943","ok","243","^AXJO","0.0435","2026-08-19T00:20:53.734601+00:00","2025-08-19","2026-08-19","1Y","[""top-picks-snapshot"",""1Y"",""^AXJO"",0.0435,1000,""2025-08-19"",""2026-08-19""]"
"WMT","Walmart","Consumer Staples","0.14416508536742656","0.7271497031716615","0.7254277237898846","0.2452525594664184","-0.1922503428395288","-0.03337672361248835","0.20340092285072708","0.8227803236005741","ok","243","^AXJO","0.0435","2026-08-19T00:20:53.734601+00:00","2025-08-19","2026-08-19","1Y","[""top-picks-snapshot"",""1Y"",""^AXJO"",0.0435,1000,""2025-08-19"",""2026-08-19""]"
"WOR.AX","WORLEY LTD","Industrials","-0.12080850542388999","-0.5698947213761945","-0.5896525883681847","0.2915462433245309","-0.31362735989097856","0.7521555618649024","-0.14463720819028525","-0.48546649988286855","ok","249","^AXJO","0.0435","2026-08-19T00:20:53.734601+00:00","2025-08-19","2026-08-19","1Y","[""top-picks-snapshot"",""1Y"",""^AXJO"",0.0435,1000,""2025-08-19"",""2026-08-19""]"
"WOW.AX","WOOLWORTHS GROUP LTD","Consumer Staples","0.2562788481672216","0.6798903367825747","1.1392796327912724","0.2659182750369926","-0.21684036246573912","0.3100340801548323","0.21189634203267024","0.854304103548776","ok","249","^AXJO","0.0435","2026-08-19T00:20:53.734601+00:00","2025-08-19","2026-08-19","1Y","[""top-picks-snapshot"",""1Y"",""^AXJO"",0.0435,1000,""2025-08-19"",""2026-08-19""]"
"WPR.AX","WAYPOINT REIT LTD","Real Estate","-0.0011247194720933607","-0.19103070047662007","-0.29209663376994477","0.15241258103616248","-0.12239145401087925","0.2935473301671463","0.00199446544141111","0.16044337841713027","ok","249","^AXJO","0.0435","2026-08-19T00:20:53.734601+00:00","2025-08-19","2026-08-19","1Y","[""top-picks-snapshot"",""1Y"",""^AXJO"",0.0435,1000,""2025-08-19"",""2026-08-19""]"
"WRB","W. R. Berkley Corporation","Financials","0.007731882799527412","-0.05216378395140832","-0.06425634025426638","0.22351140061644217","-0.17618187402080454","-0.04850094738072601","-0.012485217273735305","0.04815167464012427","ok","243","^AXJO","0.0435","2026-08-19T00:20:53.734601+00:00","2025-08-19","2026-08-19","1Y","[""top-picks-snapshot"",""1Y"",""^AXJO"",0.0435,1000,""2025-08-19"",""2026-08-19""]"
"WSM","Williams-Sonoma, Inc.","Consumer Discretionary","0.20770287629716666","0.6629515132980156","0.9365368755171118","0.34190717469219095","-0.23273694842057602","0.09175125817148792","0.18668118740358183","0.5761153335716819","ok","243","^AXJO","0.0435","2026-08-19T00:20:53.734601+00:00","2025-08-19","2026-08-19","1Y","[""top-picks-snapshot"",""1Y"",""^AXJO"",0.0435,1000,""2025-08-19"",""2026-08-19""]"
"WST","West Pharmaceutical Services","Health Care","0.40763290638132577","1.3808833376983596","1.6902025056813437","0.33883499330112304","-0.2470467759288002","-0.16998153393794327","0.38261717668385914","1.1093612121553673","ok","243","^AXJO","0.0435","2026-08-19T00:20:53.734601+00:00","2025-08-19","2026-08-19","1Y","[""top-picks-snapshot"",""1Y"",""^AXJO"",0.0435,1000,""2025-08-19"",""2026-08-19""]"
"WTC.AX","WISETECH GLOBAL LTD","Information Technology","-0.6222091238092579","-1.2716019881973342","-1.730639359378214","0.6391750951647183","-0.7507236665170642","1.5699775444169264","-0.7880796290360431","-1.3118855133043414","ok","249","^AXJO","0.0435","2026-08-19T00:20:53.734601+00:00","2025-08-19","2026-08-19","1Y","[""top-picks-snapshot"",""1Y"",""^AXJO"",0.0435,1000,""2025-08-19"",""2026-08-19""]"
"WTW","Willis Towers Watson","Financials","-0.010363497954572809","0.003186795308194233","-0.04033332728564705","0.2969559645676416","-0.3038700179241044","-0.2256872978814154","0.04273180994728458","0.21400171457450612","ok","243","^AXJO","0.0435","2026-08-19T00:20:53.734601+00:00","2025-08-19","2026-08-19","1Y","[""top-picks-snapshot"",""1Y"",""^AXJO"",0.0435,1000,""2025-08-19"",""2026-08-19""]"
"WY","Weyerhaeuser","Real Estate","-0.0715790972166439","-0.14797176727155303","-0.45855804962800684","0.26971891458952113","-0.19775681890749974","0.16027688052067057","0.010804941445125477","0.10630603327535744","ok","243","^AXJO","0.0435","2026-08-19T00:20:53.734601+00:00","2025-08-19","2026-08-19","1Y","[""top-picks-snapshot"",""1Y"",""^AXJO"",0.0435,1000,""2025-08-19"",""2026-08-19""]"
"WYNN","Wynn Resorts","Consumer Discretionary","-0.09387169057101319","-0.11332886585266147","-0.353510080129933","0.3401914278801347","-0.2875176849416742","0.10569797061691458","-0.012469274890001325","0.0245616396123266","ok","243","^AXJO","0.0435","2026-08-19T00:20:53.734601+00:00","2025-08-19","2026-08-19","1Y","[""top-picks-snapshot"",""1Y"",""^AXJO"",0.0435,1000,""2025-08-19"",""2026-08-19""]"
"XEL","Xcel Energy","Utilities","0.11460125419587852","0.454710777051104","0.6666129416698745","0.1947543890314085","-0.11496770818800528","0.05841452058635589","0.08656513774371137","0.4759169535555934","ok","243","^AXJO","0.0435","2026-08-19T00:20:53.734601+00:00","2025-08-19","2026-08-19","1Y","[""top-picks-snapshot"",""1Y"",""^AXJO"",0.0435,1000,""2025-08-19"",""2026-08-19""]"
"XOM","ExxonMobil","Energy","0.5859093552681987","1.9537439290688847","2.6579742983432935","0.25562297476756424","-0.2011225721014881","-0.23709966454533646","0.4467401006407137","1.594769690905327","ok","243","^AXJO","0.0435","2026-08-19T00:20:53.734601+00:00","2025-08-19","2026-08-19","1Y","[""top-picks-snapshot"",""1Y"",""^AXJO"",0.0435,1000,""2025-08-19"",""2026-08-19""]"
"XRO.AX","XERO LTD","Information Technology","-0.5174927113702623","-1.3679094900176547","-1.8235189568559464","0.47578888763483984","-0.6409329339297103","1.0136009743764747","-0.6290612123865679","-1.3585030890521617","ok","249","^AXJO","0.0435","2026-08-19T00:20:53.734601+00:00","2025-08-19","2026-08-19","1Y","[""top-picks-snapshot"",""1Y"",""^AXJO"",0.0435,1000,""2025-08-19"",""2026-08-19""]"
"XYL","Xylem Inc.","Industrials","-0.18622018171054822","-0.7629498310674443","-1.161934621005187","0.24524416492292359","-0.30040990520601984","0.1466599883203901","-0.18238039100210343","-0.6124385189987437","ok","243","^AXJO","0.0435","2026-08-19T00:20:53.734601+00:00","2025-08-19","2026-08-19","1Y","[""top-picks-snapshot"",""1Y"",""^AXJO"",0.0435,1000,""2025-08-19"",""2026-08-19""]"
"XYZ","Block, Inc.","Financials","0.06904437473366443","0.40738193453180677","0.4131912090854265","0.4691444859653018","-0.39477253380364496","0.21926257936261173","0.2476238201445732","0.5500455071911374","ok","243","^AXJO","0.0435","2026-08-19T00:20:53.734601+00:00","2025-08-19","2026-08-19","1Y","[""top-picks-snapshot"",""1Y"",""^AXJO"",0.0435,1000,""2025-08-19"",""2026-08-19""]"
"XYZ.AX","BLOCK INC","Financials","-0.04327533763389069","-0.039678738162980565","0.15021404467430843","0.5375843820784963","-0.4345528207174162","1.6555151689837593","0.0717038000145464","0.0948192118566189","ok","249","^AXJO","0.0435","2026-08-19T00:20:53.734601+00:00","2025-08-19","2026-08-19","1Y","[""top-picks-snapshot"",""1Y"",""^AXJO"",0.0435,1000,""2025-08-19"",""2026-08-19""]"
"YAL.AX","YANCOAL AUSTRALIA LTD","Energy","-0.03130090339999336","0.11568964673682165","0.08015691699475655","0.4481647775715692","-0.3977011625290172","-0.6779538712478296","0.033334280239427555","0.19150079342142262","ok","249","^AXJO","0.0435","2026-08-19T00:20:53.734601+00:00","2025-08-19","2026-08-19","1Y","[""top-picks-snapshot"",""1Y"",""^AXJO"",0.0435,1000,""2025-08-19"",""2026-08-19""]"
"YUM","Yum! Brands","Consumer Discretionary","-0.0287112752443327","0.0580496459043822","-0.289350450114078","0.23148653076137565","-0.13576932800382635","0.030769258244224412","0.01340321452077503","0.14068688408899607","ok","243","^AXJO","0.0435","2026-08-19T00:20:53.734601+00:00","2025-08-19","2026-08-19","1Y","[""top-picks-snapshot"",""1Y"",""^AXJO"",0.0435,1000,""2025-08-19"",""2026-08-19""]"
"ZBH","Zimmer Biomet","Health Care","-0.03946825175209723","-0.08046652849343201","-0.1267253586892445","0.31793842266141353","-0.25537022205829285","0.19181542046559205","-0.06151464937797592","-0.12429042728536535","ok","243","^AXJO","0.0435","2026-08-19T00:20:53.734601+00:00","2025-08-19","2026-08-19","1Y","[""top-picks-snapshot"",""1Y"",""^AXJO"",0.0435,1000,""2025-08-19"",""2026-08-19""]"
"ZBRA","Zebra Technologies","Information Technology","0.1741973219715025","0.5878311634224589","0.7985821970788131","0.4967150188386503","-0.382742814550896","0.6743620244108486","0.28427064070671615","0.5849638585869549","ok","243","^AXJO","0.0435","2026-08-19T00:20:53.734601+00:00","2025-08-19","2026-08-19","1Y","[""top-picks-snapshot"",""1Y"",""^AXJO"",0.0435,1000,""2025-08-19"",""2026-08-19""]"
"ZIP.AX","ZIP CO LTD","Financials","-0.21495328629926536","-0.10993642077774549","0.0674269908491008","0.7883033434020554","-0.6995841851056095","2.482614540999543","0.0702384351979916","0.02241799572941226","ok","249","^AXJO","0.0435","2026-08-19T00:20:53.734601+00:00","2025-08-19","2026-08-19","1Y","[""top-picks-snapshot"",""1Y"",""^AXJO"",0.0435,1000,""2025-08-19"",""2026-08-19""]"
"ZTS","Zoetis","Health Care","-0.5157675860641391","-1.7145166830941436","-2.1293167458083904","0.3709530637962265","-0.5360224293443014","-0.03886701585055166","-0.7187855083003524","-1.7407501497251483","ok","243","^AXJO","0.0435","2026-08-19T00:20:53.734601+00:00","2025-08-19","2026-08-19","1Y","[""top-picks-snapshot"",""1Y"",""^AXJO"",0.0435,1000,""2025-08-19"",""2026-08-19""]"
